LJ007-0178|and when the first municipal authority of our land will be no longer subjected to the reproach of fostering an institution which outrages the rights and feelings of humanity,|and when the first municipal authority of our land will be no longer subjected to the reproach of fostering an institution which outrages the rights and feelings of humanity,
LJ037-0088|Similarly, Virginia Davis had not been shown pictures of anyone prior to the lineup and had not seen either television or the newspapers during the afternoon.|Similarly, Virginia Davis had not been shown pictures of anyone prior to the lineup and had not seen either television or the newspapers during the afternoon.
LJ019-0359|He could in the first place withhold the government grant in aid of prison funds by refusing the certificate to the Treasury upon which the allowance was paid.|He could in the first place withhold the government grant in aid of prison funds by refusing the certificate to the Treasury upon which the allowance was paid.
LJ041-0159|I think you could sit down and argue with him for a number of years, and I don't think you could have changed his mind on that unless you knew why he believed it in the first place.|I think you could sit down and argue with him for a number of years, and I don't think you could have changed his mind on that unless you knew why he believed it in the first place.
LJ019-0183|provided it was henceforth used only for untried prisoners, suggested that Newgate should be entirely reconstructed, and the new building adopted as a model.|provided it was henceforth used only for untried prisoners, suggested that Newgate should be entirely reconstructed, and the new building adopted as a model.
LJ016-0399|Wainwright was allowed a cigar the night before execution, which he smoked in the prison yard, walking up and down with the governor, Mr. Sydney Smith.|Wainwright was allowed a cigar the night before execution, which he smoked in the prison yard, walking up and down with the governor, Mr. Sydney Smith.
LJ041-0031|Oswald praised Khrushchev and suggested that he and McBride join the Communist Party, quote, to take advantage of their social functions, end quote.|Oswald praised Khrushchev and suggested that he and McBride join the Communist Party, quote, to take advantage of their social functions, end quote.
LJ001-0096|have now come into general use and are obviously a great improvement on the ordinary "modern style" in use in England, which is in fact the Bodoni type|have now come into general use and are obviously a great improvement on the ordinary "modern style" in use in England, which is in fact the Bodoni type
LJ013-0174|The bundle found in the dining-room contained, with clothes, various small articles of plate and jewelery which a thief would probably have put into his pocket.|The bundle found in the dining-room contained, with clothes, various small articles of plate and jewelery which a thief would probably have put into his pocket.
LJ019-0203|But the condition of the great city jail was evidently considered a reproach by the city authorities, and a year after the opening of the new "model" at Pentonville,|But the condition of the great city jail was evidently considered a reproach by the city authorities, and a year after the opening of the new "model" at Pentonville,
LJ031-0091|You have to determine which things, which are immediately life threatening and cope with them, before attempting to evaluate the full extent of the injuries.|You have to determine which things, which are immediately life threatening and cope with them, before attempting to evaluate the full extent of the injuries.
LJ002-0021|the grand jury made a special presentment to the Court of Common Council, pointing out that on the debtors' side, which was intended for only 100,|the grand jury made a special presentment to the Court of Common Council, pointing out that on the debtors' side, which was intended for only one hundred,
LJ031-0133|Jack Brooks, Homer Thornberry, and Albert Thomas joined Clifton C. Carter and the group of special agents protecting the Vice President.|Jack Brooks, Homer Thornberry, and Albert Thomas joined Clifton C. Carter and the group of special agents protecting the Vice President.
LJ018-0032|There was no mystery about his departure; he had gone to Canada, by the 'Victoria' sailing ship, starting from the London docks, and bound to New York.|There was no mystery about his departure; he had gone to Canada, by the 'Victoria' sailing ship, starting from the London docks, and bound to New York.
LJ022-0063|to help those who have reached the age of retirement to give up their jobs and thus give to the younger generation greater opportunities for work|to help those who have reached the age of retirement to give up their jobs and thus give to the younger generation greater opportunities for work
LJ010-0062|But they proceeded in all seriousness, and would have shrunk from no outrage or atrocity in furtherance of their foolhardy enterprise.|But they proceeded in all seriousness, and would have shrunk from no outrage or atrocity in furtherance of their foolhardy enterprise.
LJ012-0117|By-and-by the occupant of the room noticed something glittering in the center of the fire, which, to inspect more closely, he took out with the tongs.|By-and-by the occupant of the room noticed something glittering in the center of the fire, which, to inspect more closely, he took out with the tongs.
LJ016-0436|pointing to an aperture for ventilating the cell. On the morning of execution he asked how far it was to the gallows, and was told it was quite close.|pointing to an aperture for ventilating the cell. On the morning of execution he asked how far it was to the gallows, and was told it was quite close.
LJ016-0123|got hold of the step ladder used in lighting the gas, and which under our more careful supervision would have been, as now-a-days, chained up.|got hold of the step ladder used in lighting the gas, and which under our more careful supervision would have been, as now-a-days, chained up.
LJ021-0173|They would have you believe that England has made progress out of her depression by a do-nothing policy, by letting nature take her course.|They would have you believe that England has made progress out of her depression by a do-nothing policy, by letting nature take her course.
LJ010-0090|Hand-grenades were to be thrown into the dining-room, and during the noise and confusion the assassination of the ministers was to be completed,|Hand-grenades were to be thrown into the dining-room, and during the noise and confusion the assassination of the ministers was to be completed,
LJ021-0198|that the Constitution is but a barrier to progress instead of being the broad highway through which alone true progress may be enjoyed.|that the Constitution is but a barrier to progress instead of being the broad highway through which alone true progress may be enjoyed.
LJ047-0187|It was then my plan to interview Marina Oswald in detail concerning both herself and her husband's background. Question:|It was then my plan to interview Marina Oswald in detail concerning both herself and her husband's background. Question:
LJ049-0009|When President and Mrs. Kennedy shook hands with members of the public along the fences surrounding the reception area, they were closely guarded by Secret Service agents|When President and Mrs. Kennedy shook hands with members of the public along the fences surrounding the reception area, they were closely guarded by Secret Service agents
LJ045-0135|but did not issue any such warning or suggest that Marina Oswald defect from the Soviet Union and remain in the United States under FBI protection,|but did not issue any such warning or suggest that Marina Oswald defect from the Soviet Union and remain in the United States under FBI protection,
LJ043-0069|the evidence indicates that Oswald usually told his prospective employers and employment counselors that he had recently been discharged from the Marine Corps.|the evidence indicates that Oswald usually told his prospective employers and employment counselors that he had recently been discharged from the Marine Corps.
LJ044-0098|He did not think Oswald looked like the, quote, type, end quote, that he would have expected to find associating with a group such as the Fair Play for Cuba Committee.|He did not think Oswald looked like the, quote, type, end quote, that he would have expected to find associating with a group such as the Fair Play for Cuba Committee.
LJ030-0132|As the motorcade approached the intersection of Houston and Elm Streets, there was general gratification in the Presidential party about the enthusiastic reception.|As the motorcade approached the intersection of Houston and Elm Streets, there was general gratification in the Presidential party about the enthusiastic reception.
LJ034-0028|The "Rolling Readers" cartons, however, had not been moved by the floor layers and had apparently been taken to the window from their regular position for some particular purpose.|The "Rolling Readers" cartons, however, had not been moved by the floor layers and had apparently been taken to the window from their regular position for some particular purpose.
LJ019-0047|when thoughtful people who concerned themselves closely with social questions were greatly exercised as to the best system of treating the inmates of a jail.|when thoughtful people who concerned themselves closely with social questions were greatly exercised as to the best system of treating the inmates of a jail.
LJ002-0337|could not be made even to look clean while there was no obligation of personal cleanliness on individuals, who often came into the prison in filthy rags.|could not be made even to look clean while there was no obligation of personal cleanliness on individuals, who often came into the prison in filthy rags.
LJ009-0295|who had been a convicted prisoner at York, but who consented to act as hangman when Calcraft was engaged, and no other functionary could be obtained.|who had been a convicted prisoner at York, but who consented to act as hangman when Calcraft was engaged, and no other functionary could be obtained.
LJ012-0095|The jewels had belonged to a Spanish countess recently deceased, who had sent them to England for greater security on the outbreak of the first Carlist war.|The jewels had belonged to a Spanish countess recently deceased, who had sent them to England for greater security on the outbreak of the first Carlist war.
LJ007-0067|stigmatized his often most just strictures on abuses as "a bundle of nonsense," and the aldermen, when he appealed to them for protection and countenance,|stigmatized his often most just strictures on abuses as "a bundle of nonsense," and the aldermen, when he appealed to them for protection and countenance,
LJ028-0027|For ten days you follow down the river, through little villages and black tent encampments, among scenes of strange Arab life which never lose their charm.|For ten days you follow down the river, through little villages and black tent encampments, among scenes of strange Arab life which never lose their charm.
LJ034-0145|Brennan had seen Oswald's picture on television, and he told the Commission that whether this affected his identification, quote, is something I do not know.|Brennan had seen Oswald's picture on television, and he told the Commission that whether this affected his identification, quote, is something I do not know.
LJ046-0039|As the ceremonial head of the Government the President must discharge a wide range of public duties, not only in Washington but throughout the land.|As the ceremonial head of the Government the President must discharge a wide range of public duties, not only in Washington but throughout the land.
LJ050-0226|18 agents are proposed for a rotating pool which will go through an intensive training cycle and also be available to supplement the White House detail|eighteen agents are proposed for a rotating pool which will go through an intensive training cycle and also be available to supplement the White House detail
LJ010-0227|He went from Newgate first to Bethlehem, from which he was removed to Broadmoor on the opening of the great criminal lunatic asylum at that place.|He went from Newgate first to Bethlehem, from which he was removed to Broadmoor on the opening of the great criminal lunatic asylum at that place.
LJ013-0147|who declared that the rough diamond market was in such a depressed condition that they could only afford to give £1750 for stones worth|who declared that the rough diamond market was in such a depressed condition that they could only afford to give one thousand seven fifty pounds for stones worth
LJ046-0252|Although the CIA had on file requests from the Treasury Department for information on the counterfeiting of U.S. currency and certain smuggling matters,|Although the CIA had on file requests from the Treasury Department for information on the counterfeiting of U.S. currency and certain smuggling matters,
LJ002-0243|with jurisdiction to hold pleas in all actions within the prescribed limits. The court was chiefly used for the recovery of small debts under £10|with jurisdiction to hold pleas in all actions within the prescribed limits. The court was chiefly used for the recovery of small debts under ten pounds
LJ007-0227|The inspectors were not to be deterred, however, by any opposition from the earnest discharge of their functions, and continued to report against Newgate.|The inspectors were not to be deterred, however, by any opposition from the earnest discharge of their functions, and continued to report against Newgate.
LJ016-0130|The first intimation of his escape was afforded by the police, who informed the prison authorities next day that a rope was hanging down from the cook-house roof.|The first intimation of his escape was afforded by the police, who informed the prison authorities next day that a rope was hanging down from the cook-house roof.
LJ004-0226|It was also claimed for the more ample and more orderly distribution of victuals, that the general health of the prisoners had greatly improved.|It was also claimed for the more ample and more orderly distribution of victuals, that the general health of the prisoners had greatly improved.
LJ007-0190|Next year we find the inspectors expressing their satisfaction that "the full and faithful exposure which we felt it our duty to make of Newgate|Next year we find the inspectors expressing their satisfaction that "the full and faithful exposure which we felt it our duty to make of Newgate
LJ018-0364|It will be remembered that she made a statement which led to the empaneling of a jury of matrons, who decided that there was no cause for an arrest of judgment.|It will be remembered that she made a statement which led to the empaneling of a jury of matrons, who decided that there was no cause for an arrest of judgment.
LJ041-0125|Mrs. Oswald said that her husband did not say anything about Governor Connally after his return to the United States. She testified, quote,|Mrs. Oswald said that her husband did not say anything about Governor Connally after his return to the United States. She testified, quote,
LJ044-0191|Now there appeared to be no chance to get to Cuba, where he had thought he might find his communist ideal. The U.S. Government would not permit travel there|Now there appeared to be no chance to get to Cuba, where he had thought he might find his communist ideal. The U.S. Government would not permit travel there
LJ017-0049|with morbid curiosity to scan his features and watch his demeanor through the shifting, nicely-balanced phases of his protracted trial.|with morbid curiosity to scan his features and watch his demeanor through the shifting, nicely-balanced phases of his protracted trial.
LJ003-0237|The fees on reception and discharge must be deemed exorbitant, when it is remembered the impoverished class who usually crowded the jail;|The fees on reception and discharge must be deemed exorbitant, when it is remembered the impoverished class who usually crowded the jail;
LJ007-0045|They amused themselves after their own fashion; played all day long at blind-man's-buff and leap-frog, or beat each other with a knotted handkerchief,|They amused themselves after their own fashion; played all day long at blind-man's-buff and leap-frog, or beat each other with a knotted handkerchief,
LJ012-0133|The fraudulent messenger, by the help of young Caspar, established his claim to the boxes, paid the wharfage dues, and carried off the gold-dust.|The fraudulent messenger, by the help of young Caspar, established his claim to the boxes, paid the wharfage dues, and carried off the gold-dust.
LJ012-0238|He fainted, and the warrant of mercy nearly proved his death-blow. The other two looked on at his agitation with an indifference amounting to apathy.|He fainted, and the warrant of mercy nearly proved his death-blow. The other two looked on at his agitation with an indifference amounting to apathy.
LJ004-0006|Howard's energy and devotion were rewarded by lively sympathy, but the desire to improve which followed his exposures was but short-lived.|Howard's energy and devotion were rewarded by lively sympathy, but the desire to improve which followed his exposures was but short-lived.
LJ008-0075|She is described as a well-made little woman, something more than thirty years of age, of a pale complexion and not disagreeable features.|She is described as a well-made little woman, something more than thirty years of age, of a pale complexion and not disagreeable features.
LJ017-0079|Meanwhile the bill discounters who held the forged acceptances, with other promissory notes, began to clamor for payment, and talk of issuing writs.|Meanwhile the bill discounters who held the forged acceptances, with other promissory notes, began to clamor for payment, and talk of issuing writs.
LJ041-0145|he had more protection than usual. It would appear, therefore, that to the extent Oswald's undesirable discharge affected his motivation,|he had more protection than usual. It would appear, therefore, that to the extent Oswald's undesirable discharge affected his motivation,
LJ011-0101|Hunton tried to fly the country on the detection of the fraud, but was arrested at Plymouth just as he was on the point of leaving England in the New York packet.|Hunton tried to fly the country on the detection of the fraud, but was arrested at Plymouth just as he was on the point of leaving England in the New York packet.
LJ021-0113|or whether their effect may have been to prevent that volume of production which would make possible lower prices and increased employment.|or whether their effect may have been to prevent that volume of production which would make possible lower prices and increased employment.
LJ026-0157|This process is, however, obscured during the day because of the oxygen freed in the manufacture of starch which goes on at that time.|This process is, however, obscured during the day because of the oxygen freed in the manufacture of starch which goes on at that time.
LJ029-0119|It afforded us a chance to have alternative routes if something happened on the motorcade route. It was the type of suburban area a good part of the way|It afforded us a chance to have alternative routes if something happened on the motorcade route. It was the type of suburban area a good part of the way
LJ032-0019|Shortly after the Mannlicher-Carcano rifle was found on the sixth floor of the Texas School Book Depository Building, agents of the FBI|Shortly after the Mannlicher-Carcano rifle was found on the sixth floor of the Texas School Book Depository Building, agents of the FBI
LJ045-0090|He was very much interested in autobiographical works of outstanding statesmen of the United States, to whom his wife thought he compared himself.|He was very much interested in autobiographical works of outstanding statesmen of the United States, to whom his wife thought he compared himself.
LJ049-0033|to move into the passenger section without hindrance or delay. Had the vehicle been so designed it is possible that an agent riding in the front seat|to move into the passenger section without hindrance or delay. Had the vehicle been so designed it is possible that an agent riding in the front seat
LJ003-0169|Prisoners who could afford it sometimes paid for four beds, at the rate of twenty-eight shillings, and so secured the luxury of a private room.|Prisoners who could afford it sometimes paid for four beds, at the rate of twenty-eight shillings, and so secured the luxury of a private room.
LJ033-0131|Frazier's view of the bag was from the rear. He continually advised that he was not paying close attention. For example, he said, quote,|Frazier's view of the bag was from the rear. He continually advised that he was not paying close attention. For example, he said, quote,
LJ038-0230|The county jail is at the corner of Houston and Main Streets, quote, right in the beginning of the city, end quote, after one travels through the underpass.|The county jail is at the corner of Houston and Main Streets, quote, right in the beginning of the city, end quote, after one travels through the underpass.
LJ047-0057|until March 1963, the FBI continued to accumulate information regarding Oswald but engaged in no active investigation.|until March nineteen sixty-three, the FBI continued to accumulate information regarding Oswald but engaged in no active investigation.
LJ049-0098|In 1902 bills passed both Houses of Congress but failed of enactment when the Senate refused to accept the conference report.|In nineteen oh two bills passed both Houses of Congress but failed of enactment when the Senate refused to accept the conference report.
LJ017-0078|Palmer tried to get a new insurance on the life of a hanger-on, one Bates, but no office would accept it, no doubt greatly to Bates's longevity.|Palmer tried to get a new insurance on the life of a hanger-on, one Bates, but no office would accept it, no doubt greatly to Bates's longevity.
LJ017-0244|The murders were perpetrated on the 10th September, and the ship continued her voyage for nearly three weeks, meeting and speaking one ship only.|The murders were perpetrated on the tenth September, and the ship continued her voyage for nearly three weeks, meeting and speaking one ship only.
LJ046-0069|I think he felt very strongly that the President ought to get out of Washington, and go meet the people on a regular basis. End quote.|I think he felt very strongly that the President ought to get out of Washington, and go meet the people on a regular basis. End quote.
LJ047-0108|During the interview Quigley obtained background information from Oswald which was inconsistent with information already in the Bureau's possession.|During the interview Quigley obtained background information from Oswald which was inconsistent with information already in the Bureau's possession.
LJ048-0004|After summarizing the Bureau's investigative interest in Oswald prior to the assassination, J. Edgar Hoover concluded that, quote,|After summarizing the Bureau's investigative interest in Oswald prior to the assassination, J. Edgar Hoover concluded that, quote,
LJ006-0209|the donation of a philanthropic gentleman, Captain Brown, but these, particularly the Bibles, bore little appearance of having been used.|the donation of a philanthropic gentleman, Captain Brown, but these, particularly the Bibles, bore little appearance of having been used.
LJ024-0127|You who know me can have no fear that I would tolerate the destruction by any branch of government of any part of our heritage of freedom.|You who know me can have no fear that I would tolerate the destruction by any branch of government of any part of our heritage of freedom.
LJ016-0215|The mark was valued at thirteenpence halfpenny, or rather more than the shilling, which from time immemorial had been the hangman's wages.|The mark was valued at thirteenpence halfpenny, or rather more than the shilling, which from time immemorial had been the hangman's wages.
LJ036-0040|In a later interview, Jones confirmed that he had exchanged words with a woman passenger on the bus during the ride south on Marsalis.|In a later interview, Jones confirmed that he had exchanged words with a woman passenger on the bus during the ride south on Marsalis.
LJ038-0233|He showed her a notebook 3 days later containing photographs of General Walker's home and a map of the area where the house was located.|He showed her a notebook three days later containing photographs of General Walker's home and a map of the area where the house was located.
LJ007-0199|baths, fumigating places for clothing, wash-house, and the removal of dust-bins, completed the new arrangements in the main prison.|baths, fumigating places for clothing, wash-house, and the removal of dust-bins, completed the new arrangements in the main prison.
LJ042-0046|This should answer your question, and also give you a glimpse of my way of thinking. So you speak of advantages. Do you think that is why I am here?|This should answer your question, and also give you a glimpse of my way of thinking. So you speak of advantages. Do you think that is why I am here?
LJ038-0295|An official of this church told FBI agents that services are held every Wednesday at the church except during the month of August.|An official of this church told FBI agents that services are held every Wednesday at the church except during the month of August.
LJ002-0188|being often obliged to pay a high rent for a bed at the coffee-house or in some room which was vacated by its regular occupant.|being often obliged to pay a high rent for a bed at the coffee-house or in some room which was vacated by its regular occupant.
LJ028-0269|One even shouted to them and said, "Why sit ye there, Persians? Why do ye not go back to your homes? Till mules foal ye will not take our city!"|One even shouted to them and said, "Why sit ye there, Persians? Why do ye not go back to your homes? Till mules foal ye will not take our city!"
LJ029-0076|On November 4, Gerald A. Behn, agent in charge of the White House detail, asked Sorrels to examine three potential sites for the luncheon.|On November four, Gerald A. Behn, agent in charge of the White House detail, asked Sorrels to examine three potential sites for the luncheon.
LJ003-0283|It was not strange, therefore, that the inmates of Newgate should turn their unoccupied brains and idle hands to all manner of mischief;|It was not strange, therefore, that the inmates of Newgate should turn their unoccupied brains and idle hands to all manner of mischief;
LJ017-0246|the mutineers took command of the ship, put her about till night-fall, by which time they had scuttled her, got out the boats, and all left the ship.|the mutineers took command of the ship, put her about till night-fall, by which time they had scuttled her, got out the boats, and all left the ship.
LJ030-0204|Special Agent Hill was scanning the few people standing on the south side of Elm Street after the motorcade had turned off Houston Street.|Special Agent Hill was scanning the few people standing on the south side of Elm Street after the motorcade had turned off Houston Street.
LJ002-0107|Quote, On the top of the jail, continues Neild, are a watch-house and a sentry-box, where two or more guards, with dogs and firearms,|Quote, On the top of the jail, continues Neild, are a watch-house and a sentry-box, where two or more guards, with dogs and firearms,
LJ008-0093|At the execution of Governor Wall, in 1802, the furious hatred of the mob was plainly apparent in their appalling cries.|At the execution of Governor Wall, in eighteen oh two, the furious hatred of the mob was plainly apparent in their appalling cries.
LJ018-0352|but there was no doubt of his guilt, as the Lord Chief Justice told him, while expressing great regret at his rash assertion.|but there was no doubt of his guilt, as the Lord Chief Justice told him, while expressing great regret at his rash assertion.
LJ001-0105|America has produced a good many showy books, the typography, paper, and illustrations of which are, however, all wrong,|America has produced a good many showy books, the typography, paper, and illustrations of which are, however, all wrong,
LJ046-0165|Most of these cases involved persons who used threatening language in communications to or about the President.|Most of these cases involved persons who used threatening language in communications to or about the President.
LJ013-0233|The bed was searched, but no piece of sharpened wood was found. It was thought that it might have been lost in changing the mattresses.|The bed was searched, but no piece of sharpened wood was found. It was thought that it might have been lost in changing the mattresses.
LJ036-0032|So I gave her a transfer and opened the door and she was going out the gentleman I had picked up about two blocks [back]|So I gave her a transfer and opened the door and she was going out the gentleman I had picked up about two blocks [back]
LJ008-0103|who had just arrived from the purlieus of Black Boy Alley, woebegone as Romeo's apothecary, exclaiming,|who had just arrived from the purlieus of Black Boy Alley, woebegone as Romeo's apothecary, exclaiming,
LJ029-0017|Moreover, he looked forward to the public appearances which he personally enjoyed. The basic decision on the November trip to Texas was made at a meeting of President Kennedy,|Moreover, he looked forward to the public appearances which he personally enjoyed. The basic decision on the November trip to Texas was made at a meeting of President Kennedy,
LJ029-0173|beginning on September 13, when the Times-Herald announced in a front page article that President Kennedy was planning a brief 1-day tour of four Texas cities|beginning on September thirteen, when the Times-Herald announced in a front page article that President Kennedy was planning a brief one-day tour of four Texas cities
LJ037-0083|Barbara Jeanette and Virginia Davis viewed a group of four men in a lineup and each one picked Oswald as the man who crossed their lawn while emptying his pistol.|Barbara Jeanette and Virginia Davis viewed a group of four men in a lineup and each one picked Oswald as the man who crossed their lawn while emptying his pistol.
LJ007-0151|and his connection with them is confirmed by that devotion and generosity towards their paramours in adversity for which these otherwise degraded women are remarkable.|and his connection with them is confirmed by that devotion and generosity towards their paramours in adversity for which these otherwise degraded women are remarkable.
LJ017-0007|It will be remembered that as far back as the reign of Henry VIII. a new and most cruel penalty was devised for the punishment of the Bishop of Rochester's cook,|It will be remembered that as far back as the reign of Henry the eighth a new and most cruel penalty was devised for the punishment of the Bishop of Rochester's cook,
LJ045-0182|Instead of returning to Irving on November 15 for his customary weekend visit, he remained in Dallas at his wife's suggestion because of the birthday party.|Instead of returning to Irving on November fifteen for his customary weekend visit, he remained in Dallas at his wife's suggestion because of the birthday party.
LJ050-0234|It has used other Treasury law enforcement agents on special experiments in building and route surveys in places to which the President frequently travels.|It has used other Treasury law enforcement agents on special experiments in building and route surveys in places to which the President frequently travels.
LJ006-0271|which would have greatly helped to keep out bad characters. Some idea of the difficulty and inconvenience of these lax regulations as regards visiting,|which would have greatly helped to keep out bad characters. Some idea of the difficulty and inconvenience of these lax regulations as regards visiting,
LJ016-0056|running a great risk of discovery as he passed by a lot of workmen at Tyler's manufactory in Warwick Square, which had formerly been the College of Physicians.|running a great risk of discovery as he passed by a lot of workmen at Tyler's manufactory in Warwick Square, which had formerly been the College of Physicians.
LJ039-0208|this was because of a defect in the scope which was recognized by the FBI agents and which they could have compensated for if they were aiming to hit a bull's-eye.|this was because of a defect in the scope which was recognized by the FBI agents and which they could have compensated for if they were aiming to hit a bull's-eye.
LJ041-0090|It wasn't anything extreme. I wouldn't go as far as to call it, call him a paranoid, but a definite tendency there was in that direction, I think, end quote.|It wasn't anything extreme. I wouldn't go as far as to call it, call him a paranoid, but a definite tendency there was in that direction, I think, end quote.
LJ044-0123|Stating that he had used his "position" with what he claimed to be the local branch of the Fair Play for Cuba Committee to, quote, foster communist ideals, end quote,|Stating that he had used his "position" with what he claimed to be the local branch of the Fair Play for Cuba Committee to, quote, foster communist ideals, end quote,
LJ047-0050|Oswald again agreed to advise the FBI if he were approached under suspicious circumstances; however, he deprecated the possibility of this happening,|Oswald again agreed to advise the FBI if he were approached under suspicious circumstances; however, he deprecated the possibility of this happening,
LJ050-0076|The problem is aggravated by the necessity that the Service obtain the assistance of local law enforcement officials in evaluating the information which it receives|The problem is aggravated by the necessity that the Service obtain the assistance of local law enforcement officials in evaluating the information which it receives
LJ033-0179|since the original bag had been discolored during various laboratory examinations and could not be used for valid identification by witnesses.|since the original bag had been discolored during various laboratory examinations and could not be used for valid identification by witnesses.
LJ006-0245|After severe suffering prolonged for many months, the inflammation was subdued, but the cartilage of the knee-joint was destroyed, and he was crippled for life.|After severe suffering prolonged for many months, the inflammation was subdued, but the cartilage of the knee-joint was destroyed, and he was crippled for life.
LJ007-0051|The brutal callousness of the bulk of the inmates of the press-yard may be gathered from the prison punishment-book, which frequently recorded such entries as the following:|The brutal callousness of the bulk of the inmates of the press-yard may be gathered from the prison punishment-book, which frequently recorded such entries as the following:
LJ037-0033|When questioned by police officers on the evening of November 22, Benavides told them that he did not think that he could identify the man who fired the shots.|When questioned by police officers on the evening of November twenty-two, Benavides told them that he did not think that he could identify the man who fired the shots.
LJ039-0049|He was the kind of person who could try and wound somebody in that way. Possibly he didn't want to go out at all but was just doing this all as a sort of joke,|He was the kind of person who could try and wound somebody in that way. Possibly he didn't want to go out at all but was just doing this all as a sort of joke,
LJ040-0006|The Commission has considered many possible motives for the assassination, including those which might flow from Oswald's commitment to Marxism or communism,|The Commission has considered many possible motives for the assassination, including those which might flow from Oswald's commitment to Marxism or communism,
LJ041-0152|Oswald studied Marxism after he joined the Marines and his sympathies in that direction and for the Soviet Union appear to have been widely known,|Oswald studied Marxism after he joined the Marines and his sympathies in that direction and for the Soviet Union appear to have been widely known,
LJ046-0199|The general files of PRS were not indexed by geographic location and were of little use in preparing for a Presidential visit to a specific locality.|The general files of PRS were not indexed by geographic location and were of little use in preparing for a Presidential visit to a specific locality.
LJ048-0125|the precautions taken for the President's trip were the usual safeguards employed on trips of this kind in the United States during the previous year, end quote.|the precautions taken for the President's trip were the usual safeguards employed on trips of this kind in the United States during the previous year, end quote.
LJ017-0137|In the latter hope he was happily disappointed. But as this case is beyond my subject, I merely mention it as one of the group already referred to.|In the latter hope he was happily disappointed. But as this case is beyond my subject, I merely mention it as one of the group already referred to.
LJ026-0038|the fact of the animal and vegetable kingdoms being related to one another like two trees united at the roots may be accounted for by the hypothesis that|the fact of the animal and vegetable kingdoms being related to one another like two trees united at the roots may be accounted for by the hypothesis that
LJ030-0030|President and Mrs. Kennedy walked along a chain-link fence at the reception area greeting a large crowd of spectators that had gathered behind it.|President and Mrs. Kennedy walked along a chain-link fence at the reception area greeting a large crowd of spectators that had gathered behind it.
LJ039-0024|She stated that it was not physical force which kept him from leaving the house. Quote, I couldn't keep him from going out if he really wanted to, end quote.|She stated that it was not physical force which kept him from leaving the house. Quote, I couldn't keep him from going out if he really wanted to, end quote.
LJ043-0122|who had previously interviewed Oswald, saw him on television and heard a radio debate in which he engaged on August 21, 1963.|who had previously interviewed Oswald, saw him on television and heard a radio debate in which he engaged on August twenty-one, nineteen sixty-three.
LJ043-0177|and his Communist and Socialist Worker's Party newspapers would probably have appeared on the front pages of newspapers or magazines all over the country,|and his Communist and Socialist Worker's Party newspapers would probably have appeared on the front pages of newspapers or magazines all over the country,
LJ006-0030|the great architectural experiment which grew out of the strong representations of Jeremy Bentham and others, and was the first national recognition of the principle|the great architectural experiment which grew out of the strong representations of Jeremy Bentham and others, and was the first national recognition of the principle
LJ016-0329|a bill was introduced by Mr. Hibbert, M.P., and accepted by the Government, providing for the future carrying out of executions within prisons.|a bill was introduced by Mr. Hibbert, M.P., and accepted by the Government, providing for the future carrying out of executions within prisons.
LJ019-0085|the prisoners might be supervised and watched at every step, and made liable to punishment for a trifling breach of an irksome code of regulations,|the prisoners might be supervised and watched at every step, and made liable to punishment for a trifling breach of an irksome code of regulations,
LJ030-0130|The spectators were still thickly congregated in front of the buildings which lined the east side of Houston Street, but the crowd thinned abruptly along Elm Street,|The spectators were still thickly congregated in front of the buildings which lined the east side of Houston Street, but the crowd thinned abruptly along Elm Street,
LJ032-0063|Since the rifle was shipped from Chicago on March 20, 1963, it was received in Dallas during the period when Oswald rented and used the box.|Since the rifle was shipped from Chicago on March twenty, nineteen sixty-three, it was received in Dallas during the period when Oswald rented and used the box.
LJ040-0170|because he didn't make friends with the boys in the neighborhood. She thought that he, quote, withdrew into a completely solitary and detached existence|because he didn't make friends with the boys in the neighborhood. She thought that he, quote, withdrew into a completely solitary and detached existence
LJ002-0079|Its name and its situation were the same as those of the old place of carrying out the terrible sentence inflicted on accused persons who stood mute.|Its name and its situation were the same as those of the old place of carrying out the terrible sentence inflicted on accused persons who stood mute.
LJ011-0065|When led out on the morning of his execution, these two last-named gentlemen each took hold of one of his arms, and so accompanied him to the scaffold.|When led out on the morning of his execution, these two last-named gentlemen each took hold of one of his arms, and so accompanied him to the scaffold.
LJ016-0377|The older officers, with several of whom I have conversed, have thus had unusual opportunities of watching the demeanor of murderers both before trial|The older officers, with several of whom I have conversed, have thus had unusual opportunities of watching the demeanor of murderers both before trial
LJ019-0229|This block was completed in 1859, after which the hitherto unavoidable and long-continued promiscuous association of prisoners|This block was completed in eighteen fifty-nine, after which the hitherto unavoidable and long-continued promiscuous association of prisoners
LJ019-0264|and it was decidedly of opinion that in all short sentences the hard labor of the tread-wheel, crank, and so forth should be the invariable rule.|and it was decidedly of opinion that in all short sentences the hard labor of the tread-wheel, crank, and so forth should be the invariable rule.
LJ029-0175|Both Dallas papers cited White House sources on September 26 as confirming the President's intention to visit Texas on November 21 and 22,|Both Dallas papers cited White House sources on September twenty-six as confirming the President's intention to visit Texas on November twenty-one and twenty-two,
LJ032-0238|Marina Oswald testified that the photographs were taken on a Sunday about 2 weeks before the attempted shooting of Maj. Gen. Edwin A. Walker|Marina Oswald testified that the photographs were taken on a Sunday about two weeks before the attempted shooting of Maj. Gen. Edwin A. Walker
LJ032-0275|the Commission concluded that the rifle used to assassinate President Kennedy and wound Governor Connally was owned and possessed by Lee Harvey Oswald.|the Commission concluded that the rifle used to assassinate President Kennedy and wound Governor Connally was owned and possessed by Lee Harvey Oswald.
LJ043-0108|Oswald's employment problems became more difficult. He left his wife and child at the home of a friend, Mrs. Ruth Paine, of Irving, Texas.|Oswald's employment problems became more difficult. He left his wife and child at the home of a friend, Mrs. Ruth Paine, of Irving, Texas.
LJ045-0248|He also had demonstrated a capacity to act decisively and without regard to the consequences when such action would further his aims of the moment.|He also had demonstrated a capacity to act decisively and without regard to the consequences when such action would further his aims of the moment.
LJ048-0110|Since the President was to be at the Trade Mart longer than at any other location in Dallas and in view of the security hazards presented by the building,|Since the President was to be at the Trade Mart longer than at any other location in Dallas and in view of the security hazards presented by the building,
LJ048-0273|that under ordinary circumstances he would have taken disciplinary action against those agents who had been drinking in clear violation of the regulation.|that under ordinary circumstances he would have taken disciplinary action against those agents who had been drinking in clear violation of the regulation.
LJ050-0173|that coordination might be achieved to a greater extent than seems now to be contemplated, without interference with the primary mission of each agency involved.|that coordination might be achieved to a greater extent than seems now to be contemplated, without interference with the primary mission of each agency involved.
LJ050-0176|to establish liaison with local intelligence gathering agencies and to provide for the immediate evaluation of information received from them.|to establish liaison with local intelligence gathering agencies and to provide for the immediate evaluation of information received from them.
LJ050-0268|The Service should negotiate a memorandum of understanding with each agency that has been assisting it and from which it can expect to need help in the future.|The Service should negotiate a memorandum of understanding with each agency that has been assisting it and from which it can expect to need help in the future.
LJ006-0125|It was not strange that he should sometimes misuse his power, and when prisoners were not to be cajoled into securing his legal services,|It was not strange that he should sometimes misuse his power, and when prisoners were not to be cajoled into securing his legal services,
LJ019-0026|of course with the added improvements following longer experience, of the pattern originated by the architectural genius of Sir Joshua Jebb.|of course with the added improvements following longer experience, of the pattern originated by the architectural genius of Sir Joshua Jebb.
LJ032-0202|Two pictures were taken. The Commission has concluded that the rifle shown in these pictures is the same rifle which was found on the sixth floor of the Depository Building|Two pictures were taken. The Commission has concluded that the rifle shown in these pictures is the same rifle which was found on the sixth floor of the Depository Building
LJ033-0044|In the garage were the personal belongings of the Oswald family including, as the evidence has shown, the rifle wrapped in the old brown and green blanket.|In the garage were the personal belongings of the Oswald family including, as the evidence has shown, the rifle wrapped in the old brown and green blanket.
LJ041-0114|3 months prior to his regularly scheduled separation date, ostensibly to care for his mother who had been injured in an accident at her work.|three months prior to his regularly scheduled separation date, ostensibly to care for his mother who had been injured in an accident at her work.
LJ044-0118|He anticipated that the full disclosure of his defection would hinder him in, quote, the struggle for progress and freedom in the United States, end quote.|He anticipated that the full disclosure of his defection would hinder him in, quote, the struggle for progress and freedom in the United States, end quote.
LJ047-0241|that the FBI had known about Oswald and, in particular, of his presence in Dallas and his employment at the Texas School Book Depository Building.|that the FBI had known about Oswald and, in particular, of his presence in Dallas and his employment at the Texas School Book Depository Building.
LJ049-0181|that too much emphasis is placed by both on the investigation of specific threats by individuals and not enough on dangers from other sources.|that too much emphasis is placed by both on the investigation of specific threats by individuals and not enough on dangers from other sources.
LJ005-0299|The whole question was again dealt with in Lord John Russell's bill for the reform of the municipal corporations, and with a more liberal election of town councilors,|The whole question was again dealt with in Lord John Russell's bill for the reform of the municipal corporations, and with a more liberal election of town councilors,
LJ007-0110|The rest were detained for more than a month, it being considered that they were the most guilty, as being either professional agents, who advised the others to abscond,|The rest were detained for more than a month, it being considered that they were the most guilty, as being either professional agents, who advised the others to abscond,
LJ009-0155|drawn to this terrible exhibition by the example of his father, the more celebrated Edmund Kean, who had witnessed the execution of Thistlewood|drawn to this terrible exhibition by the example of his father, the more celebrated Edmund Kean, who had witnessed the execution of Thistlewood
LJ011-0007|and was told by Mr. Fauntleroy that the lady had desired him to sell out, "which I have done," added the fraudulent banker, "and here are the proceeds,"|and was told by Mr. Fauntleroy that the lady had desired him to sell out, "which I have done," added the fraudulent banker, "and here are the proceeds,"
LJ017-0013|so called after its inventress, a Roman woman named Toffana, and which was so widely adopted by ladies anxious to get rid of their husbands,|so called after its inventress, a Roman woman named Toffana, and which was so widely adopted by ladies anxious to get rid of their husbands,
LJ019-0391|to close useless prisons, and to insure that uniformity of system which all thoughtful persons had long admitted to be of paramount importance|to close useless prisons, and to insure that uniformity of system which all thoughtful persons had long admitted to be of paramount importance
LJ031-0071|described a large, gaping wound in the right rear part of the head, with substantial damage and exposure of brain tissue, and a considerable loss of blood.|described a large, gaping wound in the right rear part of the head, with substantial damage and exposure of brain tissue, and a considerable loss of blood.
LJ033-0119|Moreover, in an interview on December 1, 1963, with agents of the FBI, Frazier had marked the point on the back seat of his car|Moreover, in an interview on December one, nineteen sixty-three, with agents of the FBI, Frazier had marked the point on the back seat of his car
LJ044-0100|Following the disclosure of his defection, Oswald sought advice from the Communist Party, U.S.A., concerning his Fair Play for Cuba activity.|Following the disclosure of his defection, Oswald sought advice from the Communist Party, U.S.A., concerning his Fair Play for Cuba activity.
LJ045-0140|The arguments he used to justify his use of the alias suggest that Oswald may have come to think that the whole world was becoming involved|The arguments he used to justify his use of the alias suggest that Oswald may have come to think that the whole world was becoming involved
LJ002-0322|Share in the weekly allowance of meat might also be denied to debtors who had not paid "garnish," as well as in the weekly grant from the charitable fund.|Share in the weekly allowance of meat might also be denied to debtors who had not paid "garnish," as well as in the weekly grant from the charitable fund.
LJ005-0165|They were so radically bad that reform seemed hopeless, and it was thought wiser not to bring them under provisions which clearly could not be enforced.|They were so radically bad that reform seemed hopeless, and it was thought wiser not to bring them under provisions which clearly could not be enforced.
LJ006-0057|Not only were the wards thus needlessly crammed, and for no reason but the niggardliness of the corporation which refused a proper supply of bedding|Not only were the wards thus needlessly crammed, and for no reason but the niggardliness of the corporation which refused a proper supply of bedding
LJ008-0094|His appearance on the scaffold was the signal for three prolonged shouts from an innumerable populace, "the brutal effusion of one common sentiment."|His appearance on the scaffold was the signal for three prolonged shouts from an innumerable populace, "the brutal effusion of one common sentiment."
LJ012-0067|But Mrs. Solomons could not resist the temptation to dabble in stolen goods, and she was found shipping watches of the wrong category to New York.|But Mrs. Solomons could not resist the temptation to dabble in stolen goods, and she was found shipping watches of the wrong category to New York.
LJ016-0023|the wounds broke open and bled profusely while the last dread penalty was being performed, to the manifest excitement and indignation of the crowd.|the wounds broke open and bled profusely while the last dread penalty was being performed, to the manifest excitement and indignation of the crowd.
LJ016-0421|brutal creature who showed no remorse, but was subject to fits of ungovernable passion, when she broke out into language the most appalling.|brutal creature who showed no remorse, but was subject to fits of ungovernable passion, when she broke out into language the most appalling.
LJ035-0040|As Baker reached the second floor, he was about 20 feet from the vestibule door. He intended to continue around to his left toward the stairway going up|As Baker reached the second floor, he was about twenty feet from the vestibule door. He intended to continue around to his left toward the stairway going up
LJ044-0204|prominently reported President Kennedy as having, quote, all but invited the Cuban people today to overthrow Fidel Castro's Communist regime|prominently reported President Kennedy as having, quote, all but invited the Cuban people today to overthrow Fidel Castro's Communist regime
LJ002-0308|nor was non-payment made a pretext for further imprisonment, thanks to the humanity of the jailer, or the funds provided by various charities.|nor was non-payment made a pretext for further imprisonment, thanks to the humanity of the jailer, or the funds provided by various charities.
LJ005-0128|The interior of one prison was illuminated throughout with gas, -- still a novelty, which had been generally adopted in London only four years previously,|The interior of one prison was illuminated throughout with gas, -- still a novelty, which had been generally adopted in London only four years previously,
LJ008-0158|The pressure soon became so frightful that many would have willingly escaped from the crowd; but their attempts only increased the general confusion.|The pressure soon became so frightful that many would have willingly escaped from the crowd; but their attempts only increased the general confusion.
LJ011-0080|His first forgery was the marvelous imitation of the signature of the Hon. Mr. Neville, M.P., who wrote an extremely cramped and curious hand.|His first forgery was the marvelous imitation of the signature of the Hon. Mr. Neville, M.P., who wrote an extremely cramped and curious hand.
LJ012-0100|Some ham sandwiches, several cigar ends, and two empty champagne bottles were found on the premises next day, showing how they had passed their time.|Some ham sandwiches, several cigar ends, and two empty champagne bottles were found on the premises next day, showing how they had passed their time.
LJ019-0137|The prison population of Newgate was still subject to great fluctuations, but it seldom rose above two hundred and fifty or three hundred|The prison population of Newgate was still subject to great fluctuations, but it seldom rose above two hundred and fifty or three hundred
LJ020-0024|knead and set for risings first and second, as you have already been instructed. This sponge will be found especially useful in making Graham Bread.|knead and set for risings first and second, as you have already been instructed. This sponge will be found especially useful in making Graham Bread.
LJ028-0416|(if man may speak so confidently of His great impenetrable counsels), for an eternal Testimony of His great work in the confusion of Man's pride,|(if man may speak so confidently of His great impenetrable counsels), for an eternal Testimony of His great work in the confusion of Man's pride,
LJ038-0149|During the first interrogation on November 22, Fritz asked Oswald to account for himself at the time the President was shot.|During the first interrogation on November twenty-two, Fritz asked Oswald to account for himself at the time the President was shot.
LJ047-0218|had discussed the President's visit on several occasions, including the regular biweekly conference on the morning of November 22|had discussed the President's visit on several occasions, including the regular biweekly conference on the morning of November twenty-two
LJ008-0242|famous in the annals of Newgate for the hardihood they had displayed in the hour of execution, when they terminated their career of crime at the gallows.|famous in the annals of Newgate for the hardihood they had displayed in the hour of execution, when they terminated their career of crime at the gallows.
LJ009-0129|that many of the kneeling men or boys laughed while they knelt, pinched each other, and, when they could do so without fear of being seen by any officer of the prison,|that many of the kneeling men or boys laughed while they knelt, pinched each other, and, when they could do so without fear of being seen by any officer of the prison,
LJ012-0124|One was occupied by the Portuguese ambassador, who lost a quantity of jewelery from an escritoire, and his neighbors lost plate and cash.|One was occupied by the Portuguese ambassador, who lost a quantity of jewelery from an escritoire, and his neighbors lost plate and cash.
LJ014-0106|The lime had done its work so rapidly that the features would have been indistinguishable but for the prominent chin and a set of false teeth.|The lime had done its work so rapidly that the features would have been indistinguishable but for the prominent chin and a set of false teeth.
LJ019-0350|The funds necessary would be advanced by the Public Works Loan Commissioners, and the interest might be charged against the county or borough rates.|The funds necessary would be advanced by the Public Works Loan Commissioners, and the interest might be charged against the county or borough rates.
LJ019-0361|who was bound to report any deficiencies and abuses he might find at his periodical visits. The Secretary of State might go further.|who was bound to report any deficiencies and abuses he might find at his periodical visits. The Secretary of State might go further.
LJ029-0028|Everyone agreed that, if there was sufficient time, a motorcade through downtown Dallas would be the best way for the people to see their President.|Everyone agreed that, if there was sufficient time, a motorcade through downtown Dallas would be the best way for the people to see their President.
LJ029-0073|that the President would arrive and depart from Dallas' Love Field; that a motorcade through the downtown area of Dallas to the luncheon site should be arranged;|that the President would arrive and depart from Dallas' Love Field; that a motorcade through the downtown area of Dallas to the luncheon site should be arranged;
LJ044-0093|and was extremely believable before this. We thought the fellow could probably get quite a few members if he was really indeed serious about getting members.|and was extremely believable before this. We thought the fellow could probably get quite a few members if he was really indeed serious about getting members.
LJ048-0116|Agent Lawson was not given written instructions concerning the Dallas trip or advice about any peculiar problems which it might involve;|Agent Lawson was not given written instructions concerning the Dallas trip or advice about any peculiar problems which it might involve;
LJ049-0147|This arrangement would provide a continuing high-level contact for agencies that may wish to consult respecting particular protective measures.|This arrangement would provide a continuing high-level contact for agencies that may wish to consult respecting particular protective measures.
LJ001-0169|The paper used for printing the small highly ornamented French service-books about the beginning of the sixteenth century is a model in this respect,|The paper used for printing the small highly ornamented French service-books about the beginning of the sixteenth century is a model in this respect,
LJ005-0046|The good it tried to do took active shape in the establishment of temporary refuges -- at Hoxton for males, and in the Hackney Road for females|The good it tried to do took active shape in the establishment of temporary refuges -- at Hoxton for males, and in the Hackney Road for females
LJ009-0150|So far as I can find, Courvoisier was the last condemned criminal who was thus exhibited to a crowd of morbidly curious spectators.|So far as I can find, Courvoisier was the last condemned criminal who was thus exhibited to a crowd of morbidly curious spectators.
LJ012-0116|A fire was lit in it, and the maid in doing so threw a lot of rubbish, as it seemed, which had accumulated under the grate, on top of the burning coals.|A fire was lit in it, and the maid in doing so threw a lot of rubbish, as it seemed, which had accumulated under the grate, on top of the burning coals.
LJ015-0132|The total amount was never exactly made out, but the false stock created and issued by him was estimated at two hundred twenty thousand pounds.|The total amount was never exactly made out, but the false stock created and issued by him was estimated at two hundred twenty thousand pounds.
LJ016-0306|and the question, as part of the whole subject of capital punishment, had been referred to a royal commission in January 1864.|and the question, as part of the whole subject of capital punishment, had been referred to a royal commission in January eighteen sixty-four.
LJ016-0373|and for the greater security of prisoners it is roofed in with iron bars which gives it, at least overhead, the aspect of a huge cage.|and for the greater security of prisoners it is roofed in with iron bars which gives it, at least overhead, the aspect of a huge cage.
LJ017-0269|let down. A full view of them was thus at all times obtainable by the officers who, without intermission, day and night patrolled the ward.|let down. A full view of them was thus at all times obtainable by the officers who, without intermission, day and night patrolled the ward.
LJ018-0112|It was one of these, Glendinning, who had allowed himself to be utilized for some time in this way, whose capture led to the breaking up of the gang.|It was one of these, Glendinning, who had allowed himself to be utilized for some time in this way, whose capture led to the breaking up of the gang.
LJ025-0052|the greatest and most rapid revolution which biological science has ever undergone was effected by the application of the modern microscope|the greatest and most rapid revolution which biological science has ever undergone was effected by the application of the modern microscope
LJ039-0101|He went through a series of exercises called dry firing where he assumed all positions which would later be used in the qualification course.|He went through a series of exercises called dry firing where he assumed all positions which would later be used in the qualification course.
LJ041-0075|that authority, particularly the Marine Corps, ought to be able to recognize talent such as his own, without a given magic college degree,|that authority, particularly the Marine Corps, ought to be able to recognize talent such as his own, without a given magic college degree,
LJ049-0166|Although the FBI is not charged with the physical protection of the President, it does have an assignment, as do other Government agencies,|Although the FBI is not charged with the physical protection of the President, it does have an assignment, as do other Government agencies,
LJ003-0124|He was charged with moving something which should not be touched, with leaving a door open, or coughing maliciously to the disturbance of his companions.|He was charged with moving something which should not be touched, with leaving a door open, or coughing maliciously to the disturbance of his companions.
LJ007-0234|slanting downwards from the top of the walls to the outside adjoining the slaughterhouses of Newgate market; and occasionally, in hot weather,|slanting downwards from the top of the walls to the outside adjoining the slaughterhouses of Newgate market; and occasionally, in hot weather,
LJ014-0079|and which he mistook for a drain, and that while he was speaking to her she put the muzzle of a pistol close to the back of his head and shot him down.|and which he mistook for a drain, and that while he was speaking to her she put the muzzle of a pistol close to the back of his head and shot him down.
LJ016-0259|The graphic and terrible account given by Charles Dickens of the awful scene before Horsemonger Lane Jail, at the execution of the Mannings,|The graphic and terrible account given by Charles Dickens of the awful scene before Horsemonger Lane Jail, at the execution of the Mannings,
LJ030-0081|They were instructed to watch particularly for thrown objects, sudden actions in the crowd, and any movements toward the Presidential car.|They were instructed to watch particularly for thrown objects, sudden actions in the crowd, and any movements toward the Presidential car.
LJ040-0018|the Commission is not able to reach any definite conclusions as to whether or not he was, quote, sane, unquote, under prevailing legal standards.|the Commission is not able to reach any definite conclusions as to whether or not he was, quote, sane, unquote, under prevailing legal standards.
LJ043-0184|to carry out a carefully planned killing of another human being and was willing to consummate such a purpose if he thought there was sufficient reason to do so.|to carry out a carefully planned killing of another human being and was willing to consummate such a purpose if he thought there was sufficient reason to do so.
LJ047-0021|information regarding his relations with the U.S. Embassy in Moscow and background data relating largely to his prior military service,|information regarding his relations with the U.S. Embassy in Moscow and background data relating largely to his prior military service,
LJ049-0083|it has long been a Federal crime to conspire to injure any Federal officer, on account of, or while he is engaged in, the lawful discharge of the duties of his office.|it has long been a Federal crime to conspire to injure any Federal officer, on account of, or while he is engaged in, the lawful discharge of the duties of his office.
LJ008-0095|It was said that so large a crowd had never collected since the execution of Mrs. Brownrigg, nor had the public indignation risen so high.|It was said that so large a crowd had never collected since the execution of Mrs. Brownrigg, nor had the public indignation risen so high.
LJ009-0220|the bodies of all prisoners convicted of murder should either be hung in chains, or buried under the gallows on which they had been executed,|the bodies of all prisoners convicted of murder should either be hung in chains, or buried under the gallows on which they had been executed,
LJ013-0188|Further investigation was rewarded by the discovery in the pantry of a split gold ring, used by Lord William to carry his keys on;|Further investigation was rewarded by the discovery in the pantry of a split gold ring, used by Lord William to carry his keys on;
LJ016-0156|at no elevation affords the only drop, strangulation would seldom supervene but for the resolution of the miserable felo de se.|at no elevation affords the only drop, strangulation would seldom supervene but for the resolution of the miserable felo de se.
LJ017-0139|presenting still greater features of resemblance with Palmer's, for both were medical men, and both raised difficult questions of medical jurisprudence.|presenting still greater features of resemblance with Palmer's, for both were medical men, and both raised difficult questions of medical jurisprudence.
LJ018-0099|Among them was a man named Chandler, formerly a bill discounter by profession, who by degrees, to meet his extravagant expenditure,|Among them was a man named Chandler, formerly a bill discounter by profession, who by degrees, to meet his extravagant expenditure,
LJ022-0057|The program for social security now pending before the Congress is a necessary part of the future unemployment policy of the government.|The program for social security now pending before the Congress is a necessary part of the future unemployment policy of the government.
LJ037-0085|She was not sure whether she had seen his picture in a newspaper on the afternoon or evening of November 22 prior to the lineup.|She was not sure whether she had seen his picture in a newspaper on the afternoon or evening of November twenty-two prior to the lineup.
LJ046-0211|For example, at the time of the assassination, the FBI Handbook, which is in the possession of every Bureau special agent, provided, quote,|For example, at the time of the assassination, the FBI Handbook, which is in the possession of every Bureau special agent, provided, quote,
LJ003-0298|for giving every prisoner a sleeping cell to himself, an amount of enlightenment which is hardly general among European nations at this|for giving every prisoner a sleeping cell to himself, an amount of enlightenment which is hardly general among European nations at this
LJ006-0046|There was no longer the faintest possible excuse for overcrowding. The numbers now committed to Newgate had sensibly diminished.|There was no longer the faintest possible excuse for overcrowding. The numbers now committed to Newgate had sensibly diminished.
LJ009-0122|particularly to those who desire now to offer up their praises and thanksgivings for thy late mercies vouchsafed unto them.|particularly to those who desire now to offer up their praises and thanksgivings for thy late mercies vouchsafed unto them.
LJ012-0225|they had also been seen to leave their cottage, carrying out a sack with something heavy inside. On this they were fully committed to Newgate for trial.|they had also been seen to leave their cottage, carrying out a sack with something heavy inside. On this they were fully committed to Newgate for trial.
LJ015-0037|and the partners had to decide between suspending payment or continuing to hold its head above water by flagitious processes.|and the partners had to decide between suspending payment or continuing to hold its head above water by flagitious processes.
LJ033-0136|A handmade bag of wrapping paper and tape was found in the southeast corner of the sixth floor alongside the window from which the shots were fired.|A handmade bag of wrapping paper and tape was found in the southeast corner of the sixth floor alongside the window from which the shots were fired.
LJ041-0139|It should be noted, however, that at the time Oswald fired the shots at the Presidential limousine the Governor occupied the seat in front of the President,|It should be noted, however, that at the time Oswald fired the shots at the Presidential limousine the Governor occupied the seat in front of the President,
LJ046-0047|Exposure of the President to public view through travel among the people of this country is a great and historic tradition of American life.|Exposure of the President to public view through travel among the people of this country is a great and historic tradition of American life.
LJ049-0005|Rigorous security precautions had been arranged at Love Field with the local law enforcement authorities by Agents Sorrels and Lawson.|Rigorous security precautions had been arranged at Love Field with the local law enforcement authorities by Agents Sorrels and Lawson.
LJ050-0169|and that many strongly held views are advanced in resistance to any suggestion that an effort be made to impose any degree of coordination.|and that many strongly held views are advanced in resistance to any suggestion that an effort be made to impose any degree of coordination.
LJ005-0256|in order to insure uniformity of discipline. It met on the 31st March, 1835, and continued its sittings well into July|in order to insure uniformity of discipline. It met on the thirty-first March, eighteen thirty-five, and continued its sittings well into July
LJ007-0184|The inspectors retorted without loss of time, reiterating their charges, and pointing out that the committee of aldermen by its own admission|The inspectors retorted without loss of time, reiterating their charges, and pointing out that the committee of aldermen by its own admission
LJ010-0067|This Thistlewood had seen many vicissitudes throughout his strange, adventurous career. The son of a respectable Lincolnshire farmer,|This Thistlewood had seen many vicissitudes throughout his strange, adventurous career. The son of a respectable Lincolnshire farmer,
LJ011-0200|and went on to say, "I do assure you, madam, that it shall be the anxious endeavor of my life to promote her happiness by every means in my power."|and went on to say, "I do assure you, madam, that it shall be the anxious endeavor of my life to promote her happiness by every means in my power."
LJ015-0264|The series of boldly-conceived and cleverly-executed forgeries in which James Townshend Saward, commonly called "Jem the Penman,"|The series of boldly-conceived and cleverly-executed forgeries in which James Townshend Saward, commonly called "Jem the Penman,"
LJ018-0176|Cummings, who had introduced Buncher to Griffiths, was also tried for being in possession of stolen bank paper for improper purposes.|Cummings, who had introduced Buncher to Griffiths, was also tried for being in possession of stolen bank paper for improper purposes.
LJ028-0235|In this distress either someone made this suggestion to him, or he bethought himself of a plan which he proceeded to put in execution.|In this distress either someone made this suggestion to him, or he bethought himself of a plan which he proceeded to put in execution.
LJ029-0139|in order to avoid the traffic hazards which would otherwise exist if right turns were permitted from both Main and Elm into the freeway.|in order to avoid the traffic hazards which would otherwise exist if right turns were permitted from both Main and Elm into the freeway.
LJ040-0144|potentially dangerous, that, quote, his outlook on life had strongly paranoid overtones, end quote, or that he should be institutionalized.|potentially dangerous, that, quote, his outlook on life had strongly paranoid overtones, end quote, or that he should be institutionalized.
LJ041-0076|and put them in positions of prominence, end quote. Oswald manifested this feeling about authority by baiting his officers.|and put them in positions of prominence, end quote. Oswald manifested this feeling about authority by baiting his officers.
LJ041-0160|I certainly don't. I don't think with any kind of formal argument you could have shaken that conviction. And that is why I say irrevocable.|I certainly don't. I don't think with any kind of formal argument you could have shaken that conviction. And that is why I say irrevocable.
LJ045-0085|Why don't you make some money? Poor guy was going out of his mind. We told her she should not annoy him -- poor guy, he is doing his best, "Don't annoy him so much."|Why don't you make some money? Poor guy was going out of his mind. We told her she should not annoy him -- poor guy, he is doing his best, "Don't annoy him so much."
LJ006-0104|but its issue was precarious, and dependent on the good will of the wardsmen, who measured out the portions to each according to his eye,|but its issue was precarious, and dependent on the good will of the wardsmen, who measured out the portions to each according to his eye,
LJ006-0115|Their original capital had been a few shillings, and for this they purchased the right to tax their fellows to the extent of pounds per week.|Their original capital had been a few shillings, and for this they purchased the right to tax their fellows to the extent of pounds per week.
LJ006-0221|The weekly introduction of food, to which I shall presently refer, formed the basis of luxurious banquets, washed down by liquor|The weekly introduction of food, to which I shall presently refer, formed the basis of luxurious banquets, washed down by liquor
LJ009-0042|Upon the occasion which I am describing they were four in number; and here I will continue the narrative in Mr. Wakefield's own words:|Upon the occasion which I am describing they were four in number; and here I will continue the narrative in Mr. Wakefield's own words:
LJ009-0178|In 1832 the dissection of bodies cut down from the gallows, which had been decreed centuries previously, was abolished;|In eighteen thirty-two the dissection of bodies cut down from the gallows, which had been decreed centuries previously, was abolished;
LJ014-0296|He had made use of a piece of rope cut out from the sacking of his bedstead, and had tied his feet together with a silk pocket-handkerchief.|He had made use of a piece of rope cut out from the sacking of his bedstead, and had tied his feet together with a silk pocket-handkerchief.
LJ015-0125|Redpath's crime arose from his peculiar and independent position as registrar of stock of the Great Northern Railway Company.|Redpath's crime arose from his peculiar and independent position as registrar of stock of the Great Northern Railway Company.
LJ016-0433|laughed and jested with the officers about "Jack Ketch," who, through the postponement of the execution, would lose his Christmas dinner.|laughed and jested with the officers about "Jack Ketch," who, through the postponement of the execution, would lose his Christmas dinner.
LJ036-0128|The man was dressed in faded blue color khaki work clothes, a brown shirt, and some kind of work jacket that almost matched his pants.|The man was dressed in faded blue color khaki work clothes, a brown shirt, and some kind of work jacket that almost matched his pants.
LJ001-0059|the greater part of these Italian printers, it should be mentioned, were Germans or Frenchmen, working under the influence of Italian opinion and aims.|the greater part of these Italian printers, it should be mentioned, were Germans or Frenchmen, working under the influence of Italian opinion and aims.
LJ006-0013|Sir Frederick Roe was of the same opinion as regards the appointment, but he would give the inspectors the power of acting as well as reporting.|Sir Frederick Roe was of the same opinion as regards the appointment, but he would give the inspectors the power of acting as well as reporting.
LJ008-0056|The Dublin "engine of death," as the gallows are styled in the account from which the following description is taken, consisted of an iron bar|The Dublin "engine of death," as the gallows are styled in the account from which the following description is taken, consisted of an iron bar
LJ008-0087|The change from Tyburn to the Old Bailey had worked no improvement as regards the gathering together of the crowd or its demeanor.|The change from Tyburn to the Old Bailey had worked no improvement as regards the gathering together of the crowd or its demeanor.
LJ010-0181|and the royal party drove back to Clarence House, the Queen being anxious to give the first news of the outrage and of her safety to her mother,|and the royal party drove back to Clarence House, the Queen being anxious to give the first news of the outrage and of her safety to her mother,
LJ013-0092|The thieves, for Elder was soon joined by Burgess, drove together to Ben Caunt's, the pugilist's, public-house in St. Martin's Lane,|The thieves, for Elder was soon joined by Burgess, drove together to Ben Caunt's, the pugilist's, public-house in St. Martin's Lane,
LJ021-0196|There is great danger it seems to me to arise from the constant habit which prevails where anything is opposed or objected to,|There is great danger it seems to me to arise from the constant habit which prevails where anything is opposed or objected to,
LJ024-0094|It would take months and years thereafter to get a two-thirds majority in favor of that amendment in both Houses of the Congress.|It would take months and years thereafter to get a two-thirds majority in favor of that amendment in both Houses of the Congress.
LJ046-0174|At the time of the assassination there were approximately 400 persons throughout the country who were subject to periodic review.|At the time of the assassination there were approximately four hundred persons throughout the country who were subject to periodic review.
LJ004-0231|This was effected by stopping the nearly indiscriminate admission of visitors, which had hitherto prevailed all over the jail.|This was effected by stopping the nearly indiscriminate admission of visitors, which had hitherto prevailed all over the jail.
LJ010-0009|People, too, were getting into the habit of carrying but little cash about them, and no valuables but their watches or personal jewelery.|People, too, were getting into the habit of carrying but little cash about them, and no valuables but their watches or personal jewelery.
LJ019-0172|prisoners who had been acquitted were not permitted to return to the prison to show their joy and receive the congratulations of their unfortunate fellows.|prisoners who had been acquitted were not permitted to return to the prison to show their joy and receive the congratulations of their unfortunate fellows.
LJ020-0041|The phosphates which the process of “bolting” removes to a large extent from white flour, go directly to the manufacture of bone,|The phosphates which the process of “bolting” removes to a large extent from white flour, go directly to the manufacture of bone,
LJ020-0098|Having made out your rolls and tucked them up snugly for the final rise, return to your chamber for a comfortable bath and toilet.|Having made out your rolls and tucked them up snugly for the final rise, return to your chamber for a comfortable bath and toilet.
LJ032-0258|Ruth and Michael Paine both noticed the rolled-up blanket in the garage during the time that Marina Oswald was living in their home.|Ruth and Michael Paine both noticed the rolled-up blanket in the garage during the time that Marina Oswald was living in their home.
LJ042-0038|and religion and education are used as a tool to suppress what would otherwise be a population questioning their government's unfair|and religion and education are used as a tool to suppress what would otherwise be a population questioning their government's unfair
LJ003-0132|whose language and manners, whose female associates of the most abandoned description, and the scenes consequent with such lost wretches|whose language and manners, whose female associates of the most abandoned description, and the scenes consequent with such lost wretches
LJ008-0185|Beware of entering the crowd! Remember thirty poor persons were pressed to death by the crowd when Haggerty and Holloway were executed!|Beware of entering the crowd! Remember thirty poor persons were pressed to death by the crowd when Haggerty and Holloway were executed!
LJ008-0187|It was still greater at Fauntleroy's execution in 1824, when no less than 100,000 persons assembled, it was said.|It was still greater at Fauntleroy's execution in eighteen twenty-four, when no less than one hundred thousand persons assembled, it was said.
LJ009-0259|The wretched man did not fall with it, but jumped on to the platform, and seizing the rope with his hands, tried to avoid strangulation.|The wretched man did not fall with it, but jumped on to the platform, and seizing the rope with his hands, tried to avoid strangulation.
LJ011-0035|Every endeavor was used, however, to obtain a commutation of sentence. His case was twice argued before the judges on points of law,|Every endeavor was used, however, to obtain a commutation of sentence. His case was twice argued before the judges on points of law,
LJ022-0138|It has under consideration many measures which provide for the rounding out of the program of economic and social reconstruction|It has under consideration many measures which provide for the rounding out of the program of economic and social reconstruction
LJ033-0204|So if I found all of these then I would have been able to say these fibers probably had come from this blanket. But since I found so few,|So if I found all of these then I would have been able to say these fibers probably had come from this blanket. But since I found so few,
LJ043-0017|Marina had a hundred dresses given to her, and he objected to that lavish help, because Marina was throwing it into his face.|Marina had a hundred dresses given to her, and he objected to that lavish help, because Marina was throwing it into his face.
LJ046-0220|When the threat is in the form of a written communication, give a copy to local Secret Service and forward the original to the Bureau|When the threat is in the form of a written communication, give a copy to local Secret Service and forward the original to the Bureau
LJ049-0029|Without attempting to prescribe or recommend specific measures which should be employed for the future protection of Presidents,|Without attempting to prescribe or recommend specific measures which should be employed for the future protection of Presidents,
LJ007-0019|Even in the daytime, when supervision was withdrawn, "the language used to be dreadful," says one of the women when under examination;|Even in the daytime, when supervision was withdrawn, "the language used to be dreadful," says one of the women when under examination;
LJ010-0145|These were the last executions for high treason, but not the last prisoners by many who passed through Newgate charged with sedition.|These were the last executions for high treason, but not the last prisoners by many who passed through Newgate charged with sedition.
LJ014-0103|beneath them was a layer of fresh mortar, beneath that a lot of loose earth, amongst which a stocking was turned up, and presently a human toe.|beneath them was a layer of fresh mortar, beneath that a lot of loose earth, amongst which a stocking was turned up, and presently a human toe.
LJ026-0089|poor in energy or devoid of it, and out of them to manufacture food -- i.e. complex compounds rich in available potential energy.|poor in energy or devoid of it, and out of them to manufacture food -- i.e. complex compounds rich in available potential energy.
LJ040-0031|who were accorded special privileges and who he thought were betraying communism, and he spoke well of the United States.|who were accorded special privileges and who he thought were betraying communism, and he spoke well of the United States.
LJ049-0214|duplication, and confusion of authority where more than one agency is operating in the same field; but on the other hand|duplication, and confusion of authority where more than one agency is operating in the same field; but on the other hand
LJ009-0241|They were taken back to jail, and were again brought out in the afternoon, by which time fresh and stronger ropes had been procured,|They were taken back to jail, and were again brought out in the afternoon, by which time fresh and stronger ropes had been procured,
LJ012-0164|No murder has created greater sensation and horror throughout England than that of Mr. Weare by Thurtell, Hunt, and Probert.|No murder has created greater sensation and horror throughout England than that of Mr. Weare by Thurtell, Hunt, and Probert.
LJ014-0306|These had been attributed to political action; some thought that the large purchases in foreign grains, effected at losing prices,|These had been attributed to political action; some thought that the large purchases in foreign grains, effected at losing prices,
LJ041-0013|Another time, he fought with two brothers who claimed that he had picked on the younger of them, 3 years Oswald's junior.|Another time, he fought with two brothers who claimed that he had picked on the younger of them, three years Oswald's junior.
LJ041-0169|and on how angry it made him, to which Thornley replied, quote, Well, comes the revolution you will change all that, end quote.|and on how angry it made him, to which Thornley replied, quote, Well, comes the revolution you will change all that, end quote.
LJ045-0142|He may have felt he could never tell when the FBI was going to appear on the scene or who else was going to find out about his defection|He may have felt he could never tell when the FBI was going to appear on the scene or who else was going to find out about his defection
LJ005-0205|At Eye, in Suffolk, the jail was part of the poor-house; so it was at Richmond, in Yorkshire, where the master of the workhouse was also keeper of the jail.|At Eye, in Suffolk, the jail was part of the poor-house; so it was at Richmond, in Yorkshire, where the master of the workhouse was also keeper of the jail.
LJ017-0144|There was no convincing proof that the accused had administered the poison, although beyond question that poison had occasioned the death.|There was no convincing proof that the accused had administered the poison, although beyond question that poison had occasioned the death.
LJ037-0125|As Oswald ran south on Patton Avenue toward Jefferson Boulevard he was moving in the direction of a used-car lot|As Oswald ran south on Patton Avenue toward Jefferson Boulevard he was moving in the direction of a used-car lot
LJ003-0144|the wards being furnished with barrack bedsteads, upon which each prisoner had the regulation allowance of sleeping room|the wards being furnished with barrack bedsteads, upon which each prisoner had the regulation allowance of sleeping room
LJ003-0325|The feelings of the condemned prisoners should no longer be outraged by their exposure in the chapel, and the chapel should be rearranged,|The feelings of the condemned prisoners should no longer be outraged by their exposure in the chapel, and the chapel should be rearranged,
