Today, families are usually smaller in number than in the past, with two or three children being most typical, so fewer grown children now are available for assistance, and among those adult children, the daughters and the sons are equally employed or preoccupied outside the home. 
What if the decisions you made about alcohol, drugs, or tobacco as a teenager led to a life-changing experience like an early pregnancy, a serious car accident, a sexually transmitted disease, years of struggle with an addiction, or even incarceration? 
Be sure to include the date of their first meeting, their first kiss, their decision to become a couple or get married, your birth date and your brothers or sisters birth dates, moves from one house or place to another, changes in jobs, or any other important events from your family's history. 
A rights-based approach calls not only for the location of care in the community, but also for the transfer of planning and decision-making power to the individuals and communities that the health system is supposed to serve. 
Opening up the topic of your early relationship with your former partner can become a stepping stone to more honesty in general about what went awry, the choices you made, and how you might have done things differently. 
This book is about the unique phenomenon of long-term marriages in our society's older generation, and about the husbands and wives in those marriages who are living longer, and coping and caring for each other longer. 
Based on what you know about your parent as an adult, which of the following crowds do you think he or she would have belonged to in high school: jocks, brains, nerds, populars, druggies? 
Finally, Jack has suggested hiring someone just for a few hours each week to do the cooking but to Edith this is the most intolerable option of all. 
The parent-child relationship during early adolescence is particularly vulnerable because kids have more advanced abilities to question their parents rules and decisions and greater interest in spending time with friends away from parental control. 
According to the World Health Organization, mental and behavioral disorders are estimated to account for twelve percent of the global burden of disease, yet the mental health budgets of the majority of countries constitute less than one percent of their total health expenditures. 
The rapid and remarkable physical changes during puberty may prompt a middler to begin wondering how she looked as a baby and notice ways she is similar to or different from her parents, siblings, and other relatives. 
It turned out that she was actually surprised by how much she enjoyed being a stay-at-home mother and having time to become more involved in the local affairs of their small suburban community. 
Some two hundred showrooms are housed here, and in the adjoining Green Center, which displays an impressive range of traditional and contemporary home and office furniture created by famous designers. 
One thing they are both proud of is that the two of them, who barely finished high school themselves, were able to ensure that both of their children went to college and had more opportunities than they had. 
Research studies have shown that three fourths of all people over age seventy-five have at least one, and usually more, chronic health problems of some kind or degree. 
All of these are meant to refer to people moving through that critical transitional stage between childhood and high school, roughly between ten and fourteen years old. 
As soon as they could afford it, they bought a house in the country, both of them willing to accept longer commutes to their jobs to enjoy the rural setting. 
Edith and Jack first met almost fifty years ago on a blind date, and now she points out the irony of what has happened since then to her vision. 
While most Israeli Jews quickly pass through security inspection, Arabs and certain other foreigners are singled out for intense questioning. 
Two years ago, just about the time of his eightieth birthday, Mel began complaining of fatigue, which was out of character for him. 
Rodney Lush from Coombe in the upper south-east was pinning his hopes on a good rain after suffering a dry June and heavy frosts. 
Sometimes Stan forgets how to use simple utensils and has to be fed or helped to eat; a few times he has wandered out of the house and fortunately was found by neighbors who brought him home safely; and sometimes he doesn't even recognize Martha and insists that she's someone else. 
The purpose of this book is to have conversations with your child that will deepen your understanding and love for each other, providing a solid base of shared knowledge and feelings that will stand you in good stead when she is making stronger and stronger bids for independence in the years to come. 
Hopefully, you have carefully laid the groundwork in your child's earlier years by speaking openly and frequently about her adoption so that she has integrated that reality into her concept of self and knows that talking about this with you at any time is perfectly okay. 
The factors include the impact of human longevity on how long marriages can be and what they can be like; the effects of changes in sickness and health as people live longer and age later; and the resulting need to eventually give or receive care. 
They have no children or close relatives to take responsibility; therefore Lewis has made arrangements with a lawyer friend to serve as legal executor of their estate in case of his own death, and has specified funds and arrangements for Ella's continuing care. 
She tried going with him on some of these business trips but found that she was left alone so much, while the men were preoccupied with meetings and discussions, that she decided it was easier for her to be alone at home than in these strange places. 
The doctors have told him that, because Ella is comparatively young to be at this stage of Alzheimer's disease, and is still physically healthy, she can live this way for many years; and given his age, it means that she may outlive him by a long time. 
Parents and Kids: Uncle Hub has some firm beliefs about things worth believing in: people are basically good; honor, courage, and virtue mean everything; power and money mean nothing; good always triumphs over evil; true love never dies. 
The nurse has also instructed Simon in how to do these things, if necessary, and he has organized a notebook record of Bonnie's illness over the past ten years, including all her medications, treatments, tests, and test results. 
Investigators and prosecutors could not present all the evidence of possible involvement of individuals other than those charged, although they continued to pursue such investigations, planning or hoping for later prosecutions. 
Perhaps because so much of their self-image and self-esteem is connected to their sense of strength and power, they see doctors later or less, since to do otherwise would be to acknowledge weakness. 
If you live with both your parents, Secondhand Lions is a good movie to watch all together so you can hear about both sides of your family, but watch out because it can get really complicated! 
Even though the baby boomers will be younger, stronger, healthier, active longer than any previous generation, they too will ultimately grow older and change with age, even if later in their lives. 
Back to the Future tells a fun story about Marty Mcfly and how he goes back into the past and meets his parents in high school just when they are beginning their relationship. 
My best reading of Ken's view, which I share, is that competitive general equilibrium is, at present, the only overarching framework we have to think about the economy as a whole. 
Inevitably even if later rather than sooner, even if gradually rather than drastically, even if only one spouse more than the other, aging-related health problems will create special needs and require special care. 
These changes are the end of full-time parenting, when children grow up and go off into separate adult lives, and the end of full-time working, when men and women retire from their out-of-home jobs and careers. 
When Henry Morgenthau became the Secretary of the Treasury under Franklin D Roosevelt, he decided that there should be a written record of every word that was spoken in his office. 
Rather than dwelling on the reasons he was taken away from or given up by his birth parents, focus on the message that you are committed to him and that you're happy he's with you now. 
But those advantages accrue no more to humans exchanging apples and oranges than to root nodules and fungi exchanging sugar and fixed nitrogen such that both make enhanced livings. 
Some of you reading this book may be part of a traditional family, with a mom, a dad, and one or more children, who hope to find ways to spend quality time together. 
He appreciated the better salary and regular hours of the new position, but he actually missed some of the freedom he had enjoyed being on the road on his own. 
Constitutions have come and gone, and the French have endured recurrent changes of regime, including communes, dictatorships, and five distinct republics. 
During the last century, almost thirty years have been added to the expected lifespan, and the possible duration of marriage has been virtually doubled. 
It is as if they are both trying to figure out how much help they can or should give to each other, and also how much help they can or should expect to receive from each other. 
Or they may have used the water flowing through the tunnels to help oxygenate their gills, like some modern lobsters do, she says. 
I only saw an overburdened, tense-looking woman on welfare struggling to raise her two children without any other support. 
Based on the movie, we suggest questions for both you and your young person that will trigger ideas for a fruitful conversation. 
When Matthew first heard his mother tell her story, he could only hear an adult childishly complaining about an event long past. 
Prepare an inspiring, go-for-the-gold motivational speech and use the managerial buzzwords he bought into a decade ago. 
Otherwise, they acknowledge that they have disagreed about almost everything else politics, books, movies, food, people. 
Throughout this book I have argued that our longevity is both ancient and a vital contemporary presence. 
Perth-based researchers have stumbled on a successful, although unusual, way to frighten kangaroos dingo wee. 
Similar to adopting a child from a family you don't know, talking openly and in a positive manner about the circumstances that led to this reality will let your grandchild know it is okay to ask questions about his beginnings and can help him find some missing pieces in his search for his identity. 
A preliminary evaluation of Phase one, currently under way, has found that many users are happy with the overall implementation of the technology plan to date, and believe that it has significantly improved their program's capacity, and their own individual capacity to serve clients. 
As a result, people now live long enough to develop muscular or skeletal deterioration, as in osteoporosis, or irreparable sensory loss, as in macular degeneration, or severe neurological impairment, as in Parkinson's disease, or mental health damage, as in Alzheimer's disease. 
A generational connection may help him feel grounded in the knowledge that he is part of a line of individuals with a unique history that includes his ethnic background, class background, and the influence of historic events and significant family incidents on his ancestors. 
These new medical improvements are also enabling people to recover sufficiently from certain illnesses that they would not have previously survived, and to live many years afterward, even with residual effects or disabilities. 
During grade school, his primary parent or parents were all he needed to understand his place in the family, but in middle school he will become more curious about how he fits into the larger family and how the family history has influenced who he is as an individual. 
The networking giant, Cisco Systems incorporated, has entered the home and small office networking markets by offering DSL and Cable routers for sale through office retailers such as Staples or Office Max, and even through the old standbys such as P C Connection. 
Expressions of love may become more symbolic, like setting rules to protect him from people or situations that might be dangerous, preparing his favorite breakfast on the day of a big math test, or sitting in the rain to watch him play a soccer game. 
In addition, it is extremely difficult for men to accept chronic health conditions; they do better in situations of acute illness, which, though sometimes more drastic, may still offer the possibility of a solution or a quick fix or a chance of change. 
If it is too soon to talk about your divorce openly, be explicit about the boundaries of what you are willing to discuss with your preteen at this time, but also leave the door open for future conversations with him when your feelings are more in control. 
The choices that middle-school students make and the experiences they have during these years will shape the course of their development through adolescence and into adulthood, and will greatly affect the kind of people they become. 
The only solution Edith sees now is for them to move into an assisted living facility where all the necessary household services will be provided without struggle or inconvenience or constant reminder of disability. 
And Jim knew that he had to have, and did have, complete confidence that Merle could handle things by herself: household tasks, moving arrangements, their son's education, family health needs without his having to worry about them. 
Therefore, the conclusion, which is the theme and subtitle of this book From Caring to Caretaking is that long-term marriage, in one way or another, inevitably and inescapably changes the marital relationship from caring about each other to taking care of each other. 
Partly this is because Bonnie tires so easily, especially after treatments, but it is also because seeing Bonnie in this condition makes visitors feel too sad or uncomfortable, and there are so few things they can talk about with her now. 
So it may be that while men are still feeling in a positive role as wage earners and producers, and receiving gratification from this, they may be more able to mask or deny or sublimate health symptoms. 
Microsoft, the world's largest package software provider, is entering cloud computing, where the programs are on the world-wide-web and you use any program you want, when you want it, and pay only a toll-charge for your actual use of the software you want to use. 
It doesn't really matter if we talk about state planning, or state justice communities, or worldclass delivery systems, or the creation of comprehensive, integrated and coordinated legal services delivery systems. 
For example, we sought out movies that reflect some of the ethnic diversity of people living in the United States, although finding appropriate films with the variety we wanted was challenging. 
It is especially important for single parents to address the issue and make appropriate arrangements for their children, particularly if there is no second parent in the picture and no one in the extended family lives close by. 
While conflicts between parents and teens typically arise around mundane, day-to-day issues such as chores and homework, middlers will usually follow their parents lead on matters of personal and family values. 
And when they decided to marry after a brief courtship, their friends and relatives were surprised, delighted, and relieved, admitting that they had virtually given up on both of them as far as marriage was concerned. 
Then, after consultations with specialists and various treatments that were all ineffective, the final diagnosis was macular degeneration, a progressive and incurable loss of central vision. 
Filmed in New Zealand, Whale Rider tells the story of a young Maori girl named Paikea, who is being raised by her paternal grandparents after her mother and twin brother died during childbirth. 
Truth is the basis for the power of a whistleblower, one that can withstand the assault of unprecedented odds against being heard put forth by that sum of political power, expediency, and money. 
Some of you may be aunts, uncles, youth group leaders, or school counselors, who are looking for ways to interact more effectively with the middle-school children and their families that you care about. 
Some simply continue doing whatever they want to do or have always done, not making any changes in their lives or lifestyles whether due to denial or bravado or sheer optimism. 
Building on a long history of close coordination of legal work, the programs collaborate through five taskforces: domestic relations, administrative law, housing, migrant and elder law. 
They have as yet no specific medical diagnosis to cause concern, so their lives have not changed appreciably and they are still able to do whatever, or almost as much, as they always did. 
The prospect of being audited may be one of life's most stressful experiences, so I can only imagine how daunting it would be, if I had to do so without any professional assistance. 
A new conception of government might yet emerge to realize the ambitions of Gettysburg, to ensure equality of all those created equal as it simultaneously promotes a new birth of freedom. 
Throughout the next month, you can bring up the topics or invite questions suggested within that chapter while eating meals or driving, or you can initiate some of the other activities we suggest. 
Evans was on the faculty of Carnegie Mellon University from nineteen eighty three until nineteen ninety six, and founded their Computational Linguistics Program and Laboratory for Computational Linguistics. 
Shared values and vision impel the ongoing investment of time and energy that is necessary for success, and have enabled processes in a number of states to get past areas of disagreement. 
If divorce is the farthest thing from your mind, this could be a good opportunity to reassure your preteen that despite any difficulties, you are both committed to your relationship and to him. 
Almost ten years ago, during the period of one week, Jerry suffered first a series of minor strokes and then a major stroke from which he was initially not even expected to survive. 
Linda takes responsibility for all the driving, shopping, budgeting, and domestic chores plus the occasional social activities with family members and a few close friends. 
The result is that, no matter how caring or concerned these children may be and usually are, they are too far away to be readily available, except for occasional crisis intervention. 
Instead, they find themselves relying increasingly for company on adult children who live nearby, or they remain without much social companionship or activities. 
Data from large-scale national surveys by the Search Institute reveal that only one out of four youth report that their parents are approachable and available when they want to talk. 
What Kids REALLY Want to Ask is a guidebook, organized around watching movies together for the purpose of sparking meaningful conversations between you and the preteen in your life. 
After the war, they continued the same living and working arrangements so that Herb could complete his college degree in economics, which he had begun before going into the service. 
If he doesn't bring that up in your conversation after the movie, you could broach the topic indirectly by talking about a relative you felt uncomfortable around as a child. 
The movie has some brief violence when Libyan terrorists racing through town attack Doc Brown in a parking lot where he is readying his time machine for its maiden voyage. 
It is helpful to have someone who can remember that both you and your child are good people struggling to grow and learn, despite whatever conflict might be happening. 
One pattern is that living longer and being married longer bring health changes that would not have occurred, and certainly would not have been shared, if the couple's lives and marriages had been briefer. 
Acapela is not a commercial innuendo for singing without accompaniment, but the first part of the Acapela group, which is a subsidiary of France Telecom S A. 
One year after the auction, the population of Las Vegas had ballooned to one thousand and five hundred residents, a portent of things to come for the next ninety years. 
Indeed, many of these couples have now been married forty, fifty, sixty, or even more years, which is longer than people used to live only a few generations ago! 
She can now no longer sustain a conversation, make a decision, or answer a question except about what she is specifically doing at this particular moment. 
I believed to the very core of my soul that the human race was on the brink of a new era in which intolerance, bigotry and prejudice would no longer exist. 
It is not that these men do not care about their wives and families, but they have defined taking care in terms of their own masculine skills of organization, management, and efficiency. 
Both of them agree that those first fifty years of marriage were happy and successful, and any problems they recall now seem trivial, almost amusing. 
One of the first projects jointly pursued by the Los Angeles Basin programs will address the diverse languages spoken by Asian client population. 
Then, four years ago, Lily suffered a sudden neurological incident in which she lost consciousness temporarily and had to be hospitalized for a few days. 
Even now, fully one-third of those sentenced fail to show up, and many of them lose the option to perform community service and end up serving jail terms, Kluger said. 
Indeed, the generations remained geographically close to each other, usually living in the same community, the same neighborhood, sometimes even in the same home. 
So for almost all couples, the differences in health conditions are obvious enough to clearly define which spouse gives the caretaking and which spouse receives it. 
Approximately half of all men Nathan's age have some prostate cancer cells, which are usually slow growing and not necessarily life threatening. 
So even if you think you're doing things to express your love and acceptance to your child, it's not how the message is sent, but how it is received that matters. 
A few years ago, Jess began to complain about fatigue, shortness of breath, and unusual swellings in his legs that affected his walking. 
About four years ago, Jim suffered a major stroke that required months of hospitalization and rehabilitation at various veterans facilities. 
Many of the old established educational publishers, such as Houghton-Mifflin, Holt, Reinhart and Winston, just to name two, are now a part of Pearson Educational Publishing. 
The new apartment is small, but it does have a patch of garden where they have planted some flowers, and they can enjoy sitting outdoors and viewing the greenery. 
In addition, since Stan was so occupied in his business, Martha began taking brief vacations by herself, and to her surprise, she found herself enjoying them. 
Community service may appear to be one of the great leveling experiences of modern life, like jury service or highway rest-stop bathrooms. 
But thanks for taking me up on that question of how first ladies have sometimes served their husbands as useful camouflage. 
How do these husbands and wives cope with the changes, and how do their ongoing marital relationships shape, or become shaped by, the added years? 
Knowing what you know about your mom or your dad now, how do you think she or he would have spent a day playing hooky from high school if money were no object? 
In fact, cleaning rooms, doing the laundry, shopping for groceries, and making meals were actually looked down upon by most of the husbands. 
If I could pay based on usage, Random House would have to charge me five dollars for each word I looked up to bring in the same revenue. 
When he came home after each of these episodes, he seemed a little more tired than before, as if moving on a gradual downward spiral. 
Additionally, they argue it will further hamper the ability of ex-spouses of debtors to receive alimony and child support. 
Even after all the neighborhood children grew up and moved away, Bonnie and Simon continued doing the same for the next generation. 
He would prohibit employers who receive state money from spending that money to combat union organizing of their workers. 
But a failure is unlikely to derail North Korea's nuclear program and could even help Pyongyang's bomb makers, they warn. 
Meanwhile, grain farmers in north-west Victoria are hoping the weather bureau's prediction of rain this weekend is accurate. 
The cover story proclaims Ruth Bader Ginsburg a good choice for Supreme Court Chief Justice when William Rehnquist retires. 
In his years onstage, Zombie has made a career out of nightmarish visions, growling lyrics, and horror-with-a-wink aesthetics. 
Nothing stops a conversation with a kid more quickly than focusing on negative things he might get involved with in the future. 
Through him, and for the first time, we can see an elderhood that goes well beyond the pale shadow of an uncomplaining grandfather. 
Human societies have long understood how to match the body and mind of the older person with an authentic social role. 
And then he was off, off to baptize four more babies who, he hopes and believes, will be the future of a changing Catholic Church. 
The first thing you notice about Betty and Ralph is how much they look alike, both of them short, stocky, round faced. 
Researchers in the United States have found a new way for humans to take omega three oils, by eating pork or bacon. 
Over the last thirty years there has been a major demographic shift in which more women are working outside the home. 
All I could think was that I had graduated from Harvard, and these people saw me as a potential goatherd. 
The area played a key role in the migration of the first human beings towards Asia and Europe, he says. 
Grasshoppers don't write books, but if they did, the mid-nineteenth century would deserve a volume all its own. 
Artificial programs aimed at creating various participant networks usually do not work as expected, and training programs in Western universities often attract potential emigrants, rather than those willing to continue active research inside Russia. 
Discussing this topic can also help your child to notice the ways in which she is similar to or different from each of her parents in terms of whom she is attracted to, or the qualities in another person she might look for as she defines her own identity. 
Under international law, discrimination need not be intentional nor de jure to constitute a violation of various relevant treaties, but merely needs to have the effect of nullifying or impairing the equal enjoyment of exercise of rights. 
He never got sick, never had any complaints, hardly ever went to see doctors, didn't take any regularly prescribed medication, and boasted of his cast iron stomach that digested anything he ate or drank. 
We provide a cautionary summary of the language, sexual content, drug or alcohol activity, and violence in each movie so that you can decide if it is appropriate for all the children you want to include in your movie nights. 
Martha and Stan's long-term marriage has not turned out to be what either of them first wanted or expected, but Martha is someone who prides herself on facing reality rather than indulging in reminiscences or regrets. 
It started out as a boutique sentence for white-collar offenders, and has evolved only over the past two decades into a standard punishment for people whose crimes merit something more than probation and less than prison. 
Under a grant from the Open Society Institute, the programs contracted with the Asian Pacific American Legal Center of Southern California to provide centralized intake for Asian clients who do not speak English. 
Such disparate experts as gerontologist doctor Robert Butler, psychoanalyst Erik Erikson, and feminist Betty Friedan have all agreed that women are aging better than men, defined in terms of functioning as well as longevity. 
Claire confides, out of his earshot, that his cooking is terrible, and also that for someone with such mechanical aptitude for machinery, he seems to have surprising difficulty with the buttons on the dishwasher or washing machine! 
Parents of adopted children: If you haven't done so already, start developing a library of books for your child on the adoption experience, and let him or her know where the books are located and the information they contain. 
The only recommended treatment consisted of weekly blood test monitoring, diet supplements to augment strength and appetite, and periodic blood transfusions, gradually increasing in frequency as symptoms warranted. 
Todd Sweeney specializes in building and maintaining relationships with developers, managers, and end users that enable him to facilitate mutually beneficial solutions between and within client organizations. 
A new state support center has been created to engage in legislative monitoring and advocacy, training, coordination of statewide advocacy, collection and dissemination of information, and coordination of the system of substantive law taskforces. 
For example, more than one hundred questions were about the parent-child relationship, including questions about the child's autonomy and budding independence, their parent's love for them, as well as questions about support, trust, and conflict. 
She is afraid to let Ralph drive by himself, in spite of his being such a good driver, because he might not be able to hear warning signals; so she either drives him wherever he needs to go or accompanies him if he drives. 
A human rights approach to mental health policy demands that special attention be placed on remedying such inequities which affect the physical, mental, and social well-being of persons with mental disabilities. 
She made telephone calls for him, scheduled appointments, kept the office attractive, helped soothe disgruntled or distressed clients, and entertained important local business or political figures. 
At the opening of an annual statewide drug conference in May, he wept as he thanked audience members for their support while he and his wife, Columba, dealt with their daughter's recovery. 
Today, the adjacent possible of goods and services is so vast that the economy, stumbling and lunging into the future adjacent possible, will only construct an ever smaller subset of the technologically possible. 
Claritech became a research and development subsidiary of JustSystems and its name was changed to Clairvoyance Corporation in nineteen ninety six, before becoming JustSystems Evans Research Inc in two thousand and seven. 
At the molecular level, the recombination procedure is rather like taking an airplane and a motorcycle, breaking both in half, and using spare bolts to attach the back half of the airplane to the front half of the motorcycle. 
When you comb your hair in a normal fashion, there is a point roughly on top of your head, slightly to the back, where a roughly circular swirl of hair occurs around a fixed point where typically a bit of scalp shows through. 
As you share details about your own early relationship, you can point out qualities and behaviors that you have learned can lead to success or failure in building a fulfilling long-term union. 
According to legend, the first leader of the Ngati Konohi tribe arrived on the back of a whale over a thousand years ago, and since that time every subsequent leader has been a firstborn male. 
Bess is a small woman, neat and graying, earnest and soft-spoken; Mel is also short, but muscular, and gives the impression of being a man of few words, or at least one who prefers to say few words. 
Lessac Technologies has developed a new way of synthesizing human speech which enables a computer to automatically produce fully expressive prosodic human speech from plain text input. 
If genes are constituted by as few as several hundred atoms, the familiar statistical fluctuations predicted by statistical mechanics would be so large that heritability would be essentially impossible. 
If the clients require extended service or representation, their cases are then matched with staff of any of the three programs, depending on the specific language capabilities of each program. 
For today's long-lived and long-married couples, these aging-related health changes occur precisely during those years that have now been added to their marriages: the fourth, fifth, and later decades. 
Paikea's grandfather Koro, who is to choose the next leader, is bound by tradition and patriarchy, and he resists his granddaughter's wishes to be trained in the warrior ways and customs of her people. 
Also, as the treatments intensified, Nathan grew weaker and Kay had to take over more and more of the household maintenance and transportation responsibilities, in addition to Nathan's basic physical care. 
The neurologist explained that it was not unusual for Parkinson's disease, as it worsened, to affect memory and comprehension and that all of these would be progressive. 
He has continued to experience some minor incidents, and the doctor has cautioned that he must try to learn to take things more easily and calmly if he is to avoid a worse angina attack in the future. 
Those questions may not be resolved before two thousand and six, when results are expected from a large, federally financed study called the Women's Health Initiative. 
If the circumstances around your grandchild being placed with you are unfortunate, then you will want to tell him what you can while still allowing him to honor and respect his birth parents. 
A web of economic activities, firms, tasks, jobs, workers, skills, and learning, self-consistently came into existence in the last forty thousand years of human evolution. 
It is during this time of tremendous transition that young people need us, as caring parents, more than ever to support and guide them through the maze of changes and decisions they face. 
She never went back to school, even later on when both of their sons were older, and she thinks that Jeff's criticisms grew out of what he saw as her lack of ambition. 
Lewis took her to all the specialists who were recommended, which included internists, neurologists, psychiatrists, and gerontologists, and all concurred in the diagnosis of some form of beginning dementia. 
Kids: Write a Ferris Bueller's Day Off manifesto explaining why every teenager should be able to take one day off each school year for no reason whatsoever except to have fun. 
Kay and Nathan discussed this, and finally and reluctantly agreed that it was now necessary even though it meant giving up the home that had been their family center all those years. 
Although he is now ninety-nine years old, Arthur Lessac is still actively teaching, and still the only widely acknowledged expert in the kinesensic methods of voice instruction. 
As an immediate first step, all states can develop national mental health policies and plans of action with measurable targets, which provide for open public discussion. 
Next is a short synopsis of the movie, including cautions about language, violence, drugs, alcohol, and sex to help you decide whether it is suitable for your family. 
For example, you may encourage her to select an activity once a month in which the rest of the family participates or ask for her input to make holidays special for her. 
Parents, for each picture tell your child the story that goes with the photo when the photo was taken, where you were, who was there, what you were doing, how old he was, what time of year it was, and so on. 
In fact, you might want to refer to those pages every few weeks just to be sure you're doing everything you can to communicate your acceptance, support, and concern for your young person. 
So it is not only an individual's health problems that affect married life in the later years, but also the spouse's and the effect each one has on the other. 
Health and aging seem to take over the last years of lasting marriages, virtually redefining what husbands and wives will now need from each other and what they will need to do for each other. 
Sandy was referred to other doctors and specialists of increasing reputation and also cost, and finally to a teaching hospital affiliated with a major university. 
So, unless a woman has had her uterus removed, hormone replacement consists of a combination of estrogen and some form of another hormone, progesterone, which lowers the uterine risk. 
He admits to having a short fuse, quick to anger or excitability; while she describes herself as Miss Sunshine who tries to cheer things up and calm things down. 
Physical chemists think of the substrate and product molecules as lying in two potential energy wells, like a ball at the bottom of one of two adjacent bowls. 
Although litigation continues to be a leading pro bono activity, new projects have been created, that tap into the multitude of expertise within the profession. 
Even if you are no longer in a relationship with that other parent, we think it's important for kids to be able to talk about the early years of their parents relationship. 
For those of you who are divorced, we offer a second movie choice in that same chapter to facilitate sensitive and honest discussion about marital conflict and dissolution. 
For example, parents who seek to control a child may unintentionally project the message that he is untrustworthy or unable to handle things for himself. 
It was not that in the past some kind of caretaking was never needed, but the older generation did not usually live long enough to require it for long. 
In another scene, the uncles and a family with three young children are all pointing rifles into a corn field where the old lion has hidden; they think she is mauling Walter. 
Third, the wives usually will have been the social managers of the families, making and maintaining friends, entertaining and accepting invitations, arranging activities with others. 
However, Herb's job occupied him fully, including evenings and weekends when he often worked late in the office or in the small office he created for himself at home. 
Molecular diversity has now spread to the generation of high-diversity libraries of small organic molecules, an approach called combinatorial chemistry. 
It has been called the nation's most successful anti-poverty program, distributing over thirty billion dollars of assistance to almost nineteen million families. 
Bess knows that she is no longer the exclusive or primary patient in the family and can no longer rely unquestioningly on her husband to take care of her. 
Some of you may be single moms or dads handling the parenting job alone, who have just enough energy left at the end of a busy week to watch a movie. 
We hope you and the young person you love will have many meaningful and heartfelt conversations based on the suggestions in What Kids REALLY Want to Ask! 
She is likely to conjure many questions about her early life in order to fill in any missing pieces and gain insight into how she has come to be the person she is today. 
First of all, nurturing and tending have not been things that men of the current older generation customarily have done, were expected to do, wanted to do, or were comfortable doing. 
Working groups were established to coordinate training statewide, to focus on the establishment of a statewide website, and to continue coordination and sharing in technology matters. 
Whether you live in an intact family, a divorced family, or one in which both parents are not present for other reasons, children are curious about their parents early relationship. 
Now it's your turn to write down any questions you would like to ask one or both of your parents about how you came to be their child and what makes you special to them. 
This generates a dynamic of history that should, according to the theory, eventually produce a revolution by the exploited class of laborers. 
Both of these scenarios point to the importance of having professional assistance throughout this process, and to the vital role of the low-income taxpayer clinics. 
Getting on with it in the absence of predefined configuration spaces has been the persistent provenance of autonomous agents since we stumbled into existence. 
As those theories become more complex, they are more fragile because they can be disconfirmed by ever more minor fluctuations in the repeatable behavior. 
These are years in which husbands and wives have more time in their days and their lives to be with each other without those previous familiar occupying roles. 
Such mothers schedule regular times to devote to their children, and combine warmth with consistent expectations for mature behavior. 
For instance, when a person calling for flight information repeats a question several times using approximately the same wording, something has gone wrong. 
While Ferris has a strong and confident sense of self, Cameron is full of angst, anger, and trepidation about going along with Ferris and life in general. 
He lost the use of his legs and control of his lower body; his vision and speech were impaired; even the muscles of his broad shoulders and his neck and arms lost strength. 
The stories, both real and fictional, that parents and teachers relate to or jointly construct with young children are laced with cultural beliefs and values. 
The drama can be narrowly understood as an enormous sacrifice of human life to liberate people held in the most demeaning condition imaginable. 
If your offense requires you to stick with subways, you can ask to clean the yards, which are generally in remote parts of Queens, Brooklyn and the Bronx. 
Indeed, there is something not only youthful but almost childlike in the way she smiles and sits quietly with her hands folded in her lap. 
If so, ask for a lesson in using his or her favorite genealogy website, and then see if you can find information about one of your ancestors. 
Chores may be assigned based on gender, with boys doing outside jobs such as washing cars or mowing the lawn and girls helping inside with laundry and dishes. 
She has learned to savor the late night hours, after Alan has gone to sleep, when she can be relaxed and alone to read or just think; she calls this my time. 
Some of you may be gay or lesbian parents, with or without a partner, who may or may not be biologically related to the child you are raising together. 
While reminiscing with your young person about your own teenage years, be sure to include talk about the fun and wholesome experiences you had. 
They first met during World War two when they lived in the same big city neighborhood, but she was only a teenager at the time and too young to date. 
So, while giving your child positive reinforcement or assuring her of your love may sometimes feel like you're talking to the wind, do it anyway. 
The surgery was successful, but the recuperation was slow, and his previous secure feeling of strength never completely returned. 
As Superwoman you will reengineer your husband's relationship with both sets of parents by applying customer-service skills. 
Believing that parents do not really love or care about her can result in a host of psychological and social complications for a child. 
And Sam adds, with a dry humor he has been able to preserve, Our marriage is almost old enough now to collect social security! 
On the days he is home, he takes Ella out to lunch, which delights her because she enjoys dressing up and seeing the people and eating different desserts. 
Sure, we were injured and exhausted when we first arrived on Kallimos, but other than that, why wouldn't she be proud of us? 
Paikea's mother dies in childbirth, and her father is too emotionally distraught to take care of her, so she is being raised by her grandparents. 
Martin is very pleased and relieved by this because, up till now, she has been unwilling to make any plans or even any purchases for the future. 
A five year project has been researching fertility, worm resistance, muscle and fat depth in more than ten thousand stud sheep. 
Craig Pressler of two P H says it was not an easy choice, with both farmers risking their plans to replant orchards next year. 
Chief executive John Cox says he has also improved communication between the company and its grower shareholders. 
This footprint was made by a two-legged dinosaur that walked along a sandy beach one hundred sixty five million years ago 
And it suggests that the basis for complex brains either evolved more than once, or has gone unused by most animal species. 
Our parents bound themselves in sacrifice to us when we were young; the Fifth Commandment says we should bind ourselves in allegiance to them when they are old. 
Development was fast, and by the turn of the century, grand mansions and hotels had been built for those vacationing during the winter. 
A Tasmanian scientific researcher is turning one of Australia's most noxious weeds into beneficial omega three oils. 
If their new mathematical simulations are correct, what came before the Big Bang was a previous universe a lot like our own. 
Did your parents style of parenting push you toward early experimentation with drugs and alcohol, or did it help you avoid these things? 
It would help if that message came from each of you individually, as well as being explicitly stated when you are all together. 
The story follows two adult lovers trying to crawl their way out of the deep funk of failure, both professional and romantic. 
Member for New England Tony Windsor says the Government has rushed through the sale motion without enough public consultation. 
She says they will also make it harder to conserve species like ginger, which is under threat from timber harvesting across Asia. 
Both methods would bring them into contact with chicken blood, one of the ways bird flu is thought to be spread to humans. 
The drug works by blocking the effects of the hormone progesterone, which a woman needs to start and maintain a pregnancy. 
Childhood art is replaced slowly and fitfully by the graded art-class projects now signed and hung in the hallways of the school. 
They also enjoyed giving each other space and time to pursue their own separate interests and hobbies, arts and crafts for her and sports for him. 
For Margie, you can still see the resemblance between the now tired-looking, gray-haired woman and the petite, pretty girl in the picture. 
Often, we must go against the grain of powerful feelings in order to move relationships beyond where they have been stuck for years. 
The hormonal changes that teenage girls go through when they start their periods may explain why they have trouble sleeping. 
In essence, local car dealers have been able to create and maintain geographic oligopolies through the use of franchise laws. 
Sophisticated adults, after all, feel that they have outgrown utopias left them behind on their journey into the future. 
Now it's your turn to write down any questions you would like to ask one or both of your parents about why they are not together any more. 
They met us at the Syracuse airport, and our homecoming was so emotional that even strangers at the gate got choked up. 
Children who are good at detecting others' points of view are better at thinking of effective ways to handle difficult social situations. 
In my previous two books, I laid out some of the growing reasons to think that evolution was even richer than Darwin supposed. 
But its travails could scarcely have come at a worse time for the family that has long regarded it as both fief and cash cow. 
Kanciper since has arranged with one rancher to buy his foals and put them up for adoption all over the United States. 
You may not succeed, but the results are likely to be better than if you were to push ahead carelessly, just hoping for the best. 
In the aftermath of September eleven, New Yorkers will undoubtedly bring their own associations to the scene of carnage. 
The auteur theory was quickly challenged, most notably by Pauline Kael, who shredded Sarris in the pages of Film Quarterly. 
In finally understanding what her father endured, Maggie could grieve for him as she had not been able to do as a child. 
Just when we thought our brains assured our place at the top of the food chain, survival through physical fitness comes full circle. 
Time exposes a new problem for surgery patients, called awareness: Patients wake up from anesthesia during the operation. 
A posthumous profile of Dodi Fayed says he was childish, profligate, unreliable, paranoid, and drug-using. 
Part of the outrage that shadows the use of child labor is related to the feeling that it is a particularly ugly kind of theft. 
Of the twelve chapters in What Kids REALLY Want to Ask, this may be one of the most challenging for both you and your child. 
Life may bring surrender, and you may succumb, but because you still have those birthday gifts of neoteny, you don't really change. 
They even poke fun at each other about their health problems and weaknesses; she sometimes calls him Gimpy, and he calls her Wheezy. 
Fifty or so boys and girls, ages five to twelve, tumble out, carrying backpacks, beach towels, inner tubes and bathing suits. 
The shipment will reach Beijing towards the end of the month, meaning fruit supplier Alan Jenkins has a nervous wait. 
All employees were also given ergonomics training so they could learn how to make their entire workstation more comfortable. 
The research was part of a wider look at how heart rate, blood pressure and breathing rate fluctuate in response to music. 
Researchers now hope to determine if the plasma bands shift with the seasons, or during large events like hurricanes. 
For tens of thousands of years, our mastery of age and aging has enabled the human species to reach beyond its grasp. 
I want, as much as anyone else, a map of life that can give me useful information about where we are and where we are going. 
For example, you may be willing to talk about your early childhood but not your young adult years with a parent or sibling. 
Between every parent and child there is a generation gap, especially about things like hairstyles, music, and clothing. 
Natural selection, operating on these small discrete changes, will select out favorable mutations, as Darwin hoped. 
Shane Condon, from Project Iron Boomerang, says supply chain savings alone could be worth two billion dollars per year. 
A W I chairman Ian Mclachlan wants to ensure the marketing program is effective before committing more funds. 
Has Rage Against the Machine finally struck a balance between political preaching and guitar-heavy rap-rock fusion? 
A manuscript charting the birth of modern science, lost for more than two hundred years, goes on sale this week. 
Recent articles in the New Republic, the Washington Post, and the New York Times milk the Alexander death-watch for pathos. 
The inherent power differential between parents and kids often gets in the way of honest and open communication. 
Fixed-line telecoms too, once they have been readied for long-overdue competition in, supposedly, two thousand and four. 
About the closure of that, it's just not a good thing to happen, it's going to affect communities around this area. 
So she thought there had to be some kind of rule to figure out how many photographs to take to make sure she got a good one. 
After all, he still takes questions from Time you know, the guys who explained how Richard Jewell bombed the Olympics. 
Youth and old age have long inhabited social spheres that were given special protection from the power of adults. 
I hope that by now, resilience, optimism, wonder, and curiosity are really beginning to youthen your outlook on age. 
Will your room be held for you should you require a hospital or nursing home stay and are there charges for your room while away? 
Bilateral and multilateral donors should encourage such rights-based policies through their funding prerogatives. 
A sugar cane farmer from northern New South Wales has been named Australia's best environmentally friendly farmer. 
An ambitious young lawyer hungry for power used to join a big firm, make partner, schmooze senators, and die happy. 
Good relationships break or get stale from the accumulation of dishonest and hidden feelings over time. 
With her easygoing manner, she could march into a roomful of strangers and walk out with an armload of new friends. 
They think that the sugar molecules are attached to super-sticky proteins, but they have yet to confirm which ones. 
Look profoundly and lovingly at yourself, and be glad that you have the chance, as many have not, to see a face that has aged. 
How easy or difficult is it for you to look beyond such things as appearance and get to know a person before judging them? 
He is now obliged to hew to the role of a loyal courtier with a specific place on the organizational chart. 
If you have a partner, how would you describe your feelings for him or her at the beginning of your relationship? 
Parents and Kids: Kids, tell your parent all the reasons you can think of why kids your age want to have boyfriends or girlfriends. 
Recall the graphic in figure zero, which was presented in the Becoming Human section of this book. 
At a bereavement conference, I met Joanne, a slender woman who appeared younger than her forty-six years. 
Years later, Freud fainted twice while arguing with Jung about the importance of the death wish. 
Spend some time reflecting on the messages you give your child in both words and deeds. 
There could be a tag for each movie playing in the theater, with each tag hosting a movie trailer with show times. 
For example, if severe cold kills the winter wheat next month, the supply of bread will drop; if a bumper crop of winter wheat comes available globally because of weather, or suddenly improved irrigation and farming practices worldwide, the supply will go up. 
I will suggest in a later chapter when we consider the evolution of novelties that there is no finite prespecification for the work tasks, measurements, records, and catalytic tasks that might constitute autonomous agents. 
According to the two thousand and one World Health Report, some four hundred and fifty million people suffer from a mental or behavioral disorder, yet only a small minority of them receive even the most basic treatment. 
Others engaged in aggressive resource development, pursued alternative methods of providing legal services to clients, reconfigured their organizations, or in some instances, took their skills and talents elsewhere. 
If you haven't done so already, start now to create an atmosphere at home in which no topic is taboo, where no question is stupid, and where your own successes and failures as a person are part of the conversation. 
We hope more movies that reflect the incredible diversity of our country will become available in the near future so that a broader range of families can easily see themselves reflected in a book such as this. 
The surprising result of this research was that the questions kids want to ask their parents are mostly about relationships, and some of the most important relationship issues they want to talk about are within the family. 
When your biological child poses this question, it may not mean she truly believes she is adopted, but adoption may offer a plausible explanation for any differences between you that are especially problematic. 
It wasn't that they suffered any real deprivation they managed to raise and educate two children and were always content with whatever they had but they knew they could not afford to be careless or extravagant. 
We have just characterized the survivable percolating web regime where the fitness landscape of each creature deforms due to the adaptive moves of other creatures, but there are always neighboring ways of surviving. 
The second priority was to maximize the efficient and effective expenditure of these resources, and to achieve enhanced outcomes for clients by improving the core legal services delivery system. 
Of course, direct support in the form of competitive grants is important, especially if there are few restrictions on spending; even the most carefully considered procedure can not foresee all possible situations. 
They have not been getting much help, though, from their electronic stenographers: the computer programs that automatically convert intercepted conversations and broadcasts into transcripts. 
Her mother also suffered from serious high blood pressure and eventually died of a resulting stroke so Bess has been conscientious about monitoring her diet, salt intake, and medication. 
These programs address a valid complaint by corporate tax lawyers that there are not enough opportunities for them to use their unique skills to help individuals on a pro bono basis. 
In this way they have involved the judiciary, the private bar, law schools, social services providers, court personnel, legal services staff and board members, and clients in their planning effort. 
a few years ago, and about two years after the original diagnosis, the cardiologist recommended bypass surgery, not as an emergency but as a preventive measure against future heart attacks. 
She is convinced that she would be less unhappy in such an arrangement, and also that it would be better for Jack as well because he would have less responsibility, less pressure or work, and less need to worry about her. 
The family room next to the kitchen was converted into a combination bedroom and sitting room, with a hospital bed for her, a bed for himself, a large television set, and some chairs for visitors. 
It was about a dozen years ago, while Ella was still only in her fifties, that she started experiencing beginning symptoms that the doctors would later term early onset Alzheimer's disease. 
While our insights and ideas represent a melding of many influences, from experiential to scholarly, we want to acknowledge several authors whose works have been particularly influential. 
The second thing to notice is that within Lego World, an adjacent possible relative to any actual set of primitive and more complex Lego structures is perfectly definable. 
This book is all about adopting this style of parenting and developing a close, honest, open relationship in the preteen years that will carry you through your child's adolescence. 
After he retired from the military, Jim took a job for a few years in civilian newspaper work, and Merle had the opportunity finally to set up a permanent home. 
So meanwhile, Edith and Jack still disagree, still feel frustrated and upset, and both seem to be almost waiting for something to happen that will somehow change one of them or the other. 
Walt Tetschner is widely known as a critical, incisive thinker, and is recognized as an authoritative source for researching, sizing, and judging market opportunities in the speech industry. 
One recent medical finding is that for older men, there seems to be a correlation between the emergence of health problems and permanent retirement from life work or profession. 
Both of their children have offered Margie some financial help whenever needed, and she has assured them that so far it is not necessary, but she is grateful for the offers. 
In fact, for years, there was a family tradition of once each month celebrating together all the birthdays or anniversaries or other special events that occurred during that month. 
New resorts offer attractions and amenities modeled after those available in top resort cities worldwide, including luxurious spas, signature restaurants, and exclusive boutiques. 
Inexperienced offensive linemen could be prone to these types of errors, jumping as they anticipate a move from a defensive lineman, or when they react anxiously to their own mistake on a previous play. 
Since nineteen fifty five, when Walt Disney opened the doors of his Magic Kingdom, Disneyland has become one of the world's most popular tourist attractions. 
Before founding InSpeech, Marc Lord made business development impacts relating to speech at the Human Interface Technology Lab, Microsoft, A T and T Labs, and Nuance. 
However, even emigration is not a completely negative thing; it creates a network of collaborators, and in many cases enhances ties with the international community. 
Since these long-term marriages did not occur in the past, except in unusual or isolated cases, there has been comparatively little serious study or attention to them. 
Then, about five years ago, Jeff suffered a massive stroke, which the doctor said was almost no surprise given his high blood pressure and excitable temperament. 
Before his retirement, Mel worked as a dispatcher for a long-distance trucking company, a position he had moved up to after several years of on-the-road driving. 
However, it turns out that this additional time does not bring just more years to be together, but mostly more years to be old together which is both a bonus and a burden in their lives. 
In these scenes, Uncle Hub is a swashbuckling swordsman, fighting off attackers, rescuing his brother during a battle, and escaping with his true love on horseback. 
When you establish a relationship in which trust, honesty, and openness are the norm, your teen will be more likely to come to you to talk about matters with which she is struggling. 
Over the past two years, Jess has had to be briefly hospitalized twice for what the couple calls drying out times, because his body was accumulating fluids. 
If she tries to do things for him, he is angry and impatient with her for being slow or clumsy; but if she doesn't try, he becomes angry at his own weakness and helplessness, and lashes out at her. 
Such an approach depends upon multisectoral strategies, including education, housing and work, and establish that people with mental disabilities are full citizens. 
There was always time for family summer vacations, though major plans for extended travel had to be reserved until after the children were grown or after retirement. 
The effects of the seizure were neither life threatening nor dramatically disabling, but what Lily has felt most of all is the impact on her short-term memory. 
Employed mothers of cognitively competent, well-adjusted children value their parenting role, and succeed at coordinating it with job responsibilities. 
As you pass through the gates, you enter a land of animated characters and technological wizardry, created by one of the most delightful imaginations that ever lived. 
In other words, no matter how long or how well life is extended, ultimately it must reach a functioning limit that is foreshadowed by the onset of aging. 
Other dimensions might correspond to physical properties of the binding sites of molecules, such as charge, dipole moment, and hydrophobicity. 
Bacteria and horseshoe crabs keep establishing rough price equilibria in their mutualisms without a prespecified space of ways of making a living. 
Some severe illnesses, though not necessarily curable, became treatable; and in fatal diseases, death was able to be deferred through drugs or life-support systems. 
Even though the human lifespan has increased and general fitness has improved so markedly during the past century, no one can be young and well forever. 
The doctor prescribed medication in the form of occasional tranquilizers to be taken as needed, but warned that the illness would get worse over time. 
This list is intended only to provide some useful examples; it does not purport to be a complete listing of all the states that have employed these tools. 
Kenny Holmes, the right defensive end who came to the Giants amid great expectations and played poorly, took Fassel's words to heart, but in a different way. 
This amounts to about fifteen million people who are age sixty-five and over, and who are not only living longer than ever before but also living together longer than ever before. 
Although there is no assurance that any of these steps will be needed or even helpful, there is some comfort in feeling that they are taking some action, that they are at least doing something. 
This system of long-term support inherited all the old Soviet ills, such as the lack of correlation between scientific output and the level of funding. 
He himself had no interest in, or patience with, what he considered aimless social chatter, and he did not enjoy being with people whom he did not know or care about much. 
However, some laboratories are conducting outsourced research, and there are now research outposts of Western and Japanese companies in Russia organized as standard industrial labs. 
As a young girl, Paikea loves spending time with her grandfather Koro, riding on his bicycle handle bars, talking to him about the legends of their people. 
The words in sickness and in health, which are such an important part of traditional marriage vows, take on new meaning and reality for long-married couples. 
They have remained close to their parents, living nearby and celebrating all the special occasions together, such as birthdays, anniversaries, and graduations. 
And in each, my partners and I addressed the legitimacy of characters' intentions, weighing personal desire against socially acceptable behavior. 
I hoped the unfolding, ongoing notebook would allow me to find the themes, and link them into something that was vast and new, but at the time, inarticulate. 
Over time, new goods and services come into existence, and old ones go out of existence in small and large avalanches of speciation and extinction events. 
From a very early age parents and other caregivers have different expectations about what it means to be a boy or a girl and may treat their children accordingly. 
It can be difficult to look at a sulking preteen and feel an urge to hug her, or see the mess on her bedroom floor and be overcome with affection towards her. 
With the push in recent years to move people from welfare to work, there are many new low-wage first-time filers, who are often automatically audited. 
At the beginning, she was embarrassed and tried to hide the forgetfulness or to make excuses, but the lapses soon became too frequent and obvious. 
This involves dismantling the temporary shelters along the highway put up by homeless people and cleaning the areas they have been using as latrines. 
In the final scenes of the film, viewers learn that the uncles have died in an airplane accident, but the actual crash and dead bodies are not shown. 
Being openly self-reflective about your own learning process in relationships can go a long way toward helping her make more informed choices. 
For a wife in the current older generation, spousal caretaking may almost seem to be a variation or extension of her nurturing role in the family all along. 
After they sold the store and retired, they enjoyed their leisure time for only a few years before they both started experiencing health problems. 
But during these past few years, these celebrations have become subdued since both Claire and Bert have been suffering from worsening heart problems. 
Yet the pathways I have stumbled along, glimpsing what may be a terra nova, do seem to me to be worth serious presentation and serious consideration. 
A fixed point can exist under which the actions of the agents, given their beliefs about the economy, exactly create the expected economic behavior. 
All of these changes point to one important and undeniable fact: the middle-school years are a pivotal stage in the development of human beings. 
This chapter and movie discussion will give you a chance to discover if your child would just as soon not have contact with a particular relative. 
Think of the Magna Carta, that cultural enterprise founded on a green meadow in England when John the First was confronted by his nobles. 
But if the shooting Thursday at Los Angeles International Airport was terrorism, then it was an attack on perhaps the airport's strongest point. 
So we begin with an outline of competitive general equilibrium as the cornerstone conceptual framework of modern economics. 
Ferris and his friends have some really fun adventures on their day off, from driving a really cool car to attending a baseball game to joining in a parade. 
She also found herself, as an only child, responsible for her widowed, ailing mother, who eventually had to be placed in a nursing home. 
She had lost her hair due to the chemotherapy, and her grandson gave her a baseball cap that she wore jauntily, visor backward like all the boys did. 
Once Sydney starts to take over strategies generated during joint problem solving, her father pulls back, reducing the assistance provided. 
The Legal Services Corporation provided funding for two facilitators and lodging and meal costs were paid for by the Lawyers Trust Fund of Illinois. 
Chances are if you trust her with the facts and the history of any discord that exists in the family, she will rise to the occasion of your sharing. 
For example, who was the first relative who held her after she was born, what was her first word, when did she take her first steps, how did you celebrate her first birthday? 
Probably what first changed their marriage was that they did not, or could not, have children even though they hoped and tried for several years. 
Yet, the values of nationhood and equality would not remain forever hidden, camouflaged in the deep structure of constitutional thought. 
Such a normative framework provides for procedural protections; it also provides for human rights oversight and remedies in the event of abuses. 
We think this alternate movie will be of particular interest to parents who are no longer in a relationship with their child's other parent. 
Some want to do more than ever, or do different things than they did before or that they postponed before, because they feel that their health and strength are now time-limited. 
Meanwhile, Lina tells Jess that he is such a good patient, to which Jess usually replies, That's because I have someone who takes such good care of me! 
Wouldn't it be loverly if we could magically transform our husbands into the sensitive, responsive men we desire? 
Bringing this out into the open could be helpful in discovering the ways she feels alienated and how you can begin to address the situation. 
One idea to ease this is to engage with her in activities that she finds interesting, especially if they are different from what you might choose. 
Both Warren and Schiff said that for many women, a much more important decision was whether to take estrogen by mouth or through a skin patch. 
In category theory it seems necessary to specify ahead of time all the possible domains and ranges and mappings under consideration. 
John Gilmour, thirty one, a lawyer in Houston, said that after years of not doing anything special, he is helping to give a party. 
In Kansas, students in schools that fail to make progress for three years will be in line for tutoring services, Pochowski said. 
South Australian lobster fishermen have rejected claims they are flooding the market with snapper and forcing down prices. 
Growers saw an early jump in prices in the first few months of this year but the market has remained fairly stagnant ever since. 
Guthrie has also noticed that males were drawn with no defined sexual parts save for a simple line designating the penis. 
Elders might have gleaned from the reaction to her remarks that no one in Congress has ever masturbated or used drugs. 
They met at a serviceman's dance where she was one of the young local college girl hostesses and he was a brand new commissioned officer on leave. 
The cooper stood nervously in front of his work, a giant barrel that was split lengthwise down the middle and laid on its side. 
As this process goes forward, the brain gradually becomes receptive to increasingly complex and varied stimulation. 
Self-organization mingles with natural selection in barely understood ways to yield the magnificence of our teeming biosphere. 
Israeli officials have been ratcheting up security on El Al since the nineteen sixties, when it became a target of attacks and hijackings. 
But that is the exact situation that many low and moderate-income taxpayers face, when being audited by the Internal Revenue Service. 
Shares fell last week to three dollars thirty six, which is lower than the company's debut price on the Australian Stock Exchange. 
The data can be plugged into computer models that will simulate volcano blasts and their potential fallout, he adds. 
A targeted approach to weeds, rather than spraying the whole field, could reduce costs and be safer for humans and the environment 
They saw, as we so often do not, beyond mere physical strength and grasped the virtues hidden within the necessity of growing old. 
Mrs Doubtfire tells the story of a divorced dad going to extreme and funny measures to be able to spend time with his children. 
Perhaps you are one of the approximately eight hundred thousand grandparents who are raising a grandchild without the presence or assistance of the parents. 
In addition, the same body of theory predicts that most species go extinct soon after their formation, while some live a long time. 
But New South Wales Labor M P for Bathurst, Gerard Martin, thinks the move to mandate ethanol levels in fuel is a no brainer. 
Rempel says all employees should receive proper safety and ergonomics training to reduce their chances of on-the-job injuries. 
This has caused a minor problem with their little grandchildren, who no longer enjoy visiting because there are no goodies to eat! 
Choose the short stick, and you could do your time scraping human feces off the concrete beneath the Harlem River Drive overpasses. 
My kids are both still in school there, and the large rural property outside of Jackson, Wyoming, that he has long called home. 
Retired Superwomen are also up against an iconic machismo created by the social conditioning of their boomer husbands. 
Ferris Bueller is portrayed as smarter and more clever than the adults around him, while the adults range from naive to out of control. 
And you'll have the benefit of my years as a researcher, educator, life coach, and woman into her third box of birthday candles. 
Adult learning theory shows that adults are better learners than children; we shouldn't be stalled in the drive to re-engage our brains. 
For a closer spot to check out nature, visit Griffith Park, which has miles of trails for cycling, jogging and horseback riding. 
On this stretch of Sunset, you are bound to find hawkers on street corners selling Maps to the Stars to lead you to the homes of the rich and famous. 
He is organizing a workshop next month to advise the Defense Department on whether certain research should not be published. 
On the morning of September eleventh they were talking on the phone when she heard a very loud noise, and the call was disconnected. 
An Australian cattle breeder has made his mark in England, after being invited to judge at the prestigious Great Yorkshire Show. 
A proposed free-trade deal between Australia and Japan is looking shaky, with agriculture again the most contentious issue. 
Mark Elkins of the Royal Prince Alfred Hospital in Sydney, Australia and colleagues authored one of the new published studies. 
Aviation fuel is being stolen from some remote Top End airports and there is concern the thefts could pose a major safety risk. 
But the research shows the significance of supporting pre-school age children who are having difficulties with letters and words. 
Radio astronomers used data from a painstaking galaxy-wide survey of hydrogen gas clouds throughout the Milky Way. 
Both King Phillip the fifth of Spain and King George the third of England reportedly used music as a cure for their severe depression. 
Many adults who were abused in childhood find it hard to live in peace like Manny, a gravelly voiced man in his late forties. 
I feel confused and overwhelmed by this new responsibility, but I know one thing for certain, our little girl is beautiful. 
They were dubious about a quick strike approach to using Special Operations Forces, which they thought complicated and risky. 
The Energy Department is not persuaded so far that it will last for the hundreds or thousands of years that will be required. 
The developers of a large, new dairy venture in South Australia are trying to attract cash from the managed investment sector. 
Dougal Hunter, from the Australian Stock Exchange, says this points to good domestic prices for the next three harvests. 
Agriculture Secretary Mike Johanns was in Baghdad for farm co-operation meetings with Iraqi officials this week. 
The new president, Tasmanian Leslie Young, says cheap imports and the drought mean it is time for everybody to work together. 
Without a servicing mission, astronomers expect Hubble to last only another two or three years before its batteries give out. 
We label these products out of concern that the ideas and images they contain might overwhelm younger, less mature people. 
If you could talk to other kids whose parents are getting divorced, what advice would you give to help them feel better about the divorce? 
At first, Connie tried to influence, even nag him about taking care of himself, but then she stopped trying, though she never stopped worrying. 
Anticipating a bad response, however, may also reflect the depth of an adult child's continued hostility or fear. 
We could just as easily have filled them with drugs, alcohol, television, gambling, exercise, or shopping, as others have. 
Their actions did not constitute legislation by any government, or executive action by any official wearing a badge of state authority. 
If peeking in through the wrought-iron gates isn't enough shoulder-rubbing with stardom for you, you can view the back lot on a walking tour. 
Amazon dot com, for instance, or Blockbuster Inc could begin the same type of service with few barriers to entry, he said. 
But it is harder to assess what two to three year olds learn simply because they don't have the language skills to tell us. 
But Northrop bought parts from Radio Shack and put them on M X missile-guidance systems without proper testing. 
For well over a century, poets and sages have reflected on what old age could be and have dared to imagine something new. 
Adulthood, rightly understood, provides us with a productive, potentially glorious interlude between youth and old age. 
Just how challenging a task they have undertaken becomes obvious when you look at how these facilities prepare and serve food. 
Craig somehow survived his early loss and managed to raise himself to be a good, loving adult who was close to his family. 
I waded to Jude's side, and put her arm around my neck just as the third and most powerful shock ripped our sturdy little boat in two. 
Of course, partners in teaching and learning do not need to attain the intersubjective heights of lovers to accomplish their goals. 
Each people of common history and language constitutes a nation, and the natural form for the nation's survival was in a state structure. 
Those two factors, coupled with a hot summer, have led to birds being culled in South Australia, Victoria and New South Wales. 
It came through the house about fourteen or fifteen inches, had to walk across the airstrip to get over on a bit of high ground. 
As you'd expect the future of the single desk for wheat exports is a hot topic, and confusion seems to be the common theme. 
Obviously, you think, if your marriage could survive these demands, surely it will thrive in a job-free, empty-nested state. 
Massage may make baby happier, but the evidence to date suggests it won't improve physical or emotional development. 
Only a few Jews would be allowed in, he said, and these solely for the purpose of showing the Swiss public how hard Jews are to live with. 
These efforts are united by a search for meaning in old age, and they rely on the assumption that there is life beyond adulthood. 
If school was difficult for you or if you never completed the education you had hoped for, now is the time to be honest about that. 
The woman who brought this up had her own misgivings about the value of visiting someone in the last stages of dementia. 
A riot of flowers and herbs issued forth from each, filling the room with the subtle yet distinctive aroma of life and growth. 
In short, there is no shorter description of the output of the program than that which can be obtained by running the program itself. 
Here is the heart of a new concept of organization that is not covered by our concepts of matter alone, energy alone, entropy alone, or information alone. 
